[27set.2026 17:46:40.346] [main/INFO] [net.neoforged.fml.startup.Entrypoint/]: JVM Uptime at startup: 232ms
[27set.2026 17:46:40.360] [main/INFO] [net.neoforged.fml.loading.FMLLoader/]: Starting FancyModLoader version 11.0.15 (CLIENT in DEV)
[27set.2026 17:46:40.360] [main/INFO] [net.neoforged.fml.loading.FMLLoader/]: Game directory: E:\addons proprios\Hephaestus Mods\tools 26.1\run
[27set.2026 17:46:40.415] [main/INFO] [net.neoforged.fml.loading.EarlyServiceDiscovery/]: Found 2 early service jars (out of 112) in 24ms
[27set.2026 17:46:40.416] [main/INFO] [net.neoforged.fml.loading.FMLLoader/]: Loading FML Early Services:
[27set.2026 17:46:40.416] [main/INFO] [net.neoforged.fml.loading.FMLLoader/]:  - C:/Users/xtuto/.gradle/caches/modules-2/files-2.1/net.neoforged.fancymodloader/earlydisplay/11.0.15/b254aa4ec40828f8ce65411dcb7fb9f6ce008064/earlydisplay-11.0.15.jar
[27set.2026 17:46:40.417] [main/INFO] [net.neoforged.fml.loading.FMLLoader/]:  - C:/Users/xtuto/.gradle/caches/modules-2/files-2.1/net.neoforged.fancymodloader/loader/11.0.15/69ddd98736a6b095783523404d1af8992842722/loader-11.0.15.jar
[27set.2026 17:46:40.421] [main/INFO] [net.neoforged.fml.loading.ImmediateWindowHandler/]: Loading ImmediateWindowProvider fmlearlywindow
[27set.2026 17:46:41.001] [ForkJoinPool.commonPool-worker-13/INFO] [net.neoforged.fml.loading.moddiscovery.locators.GameLocator/]: Detected a joined NeoForge and Minecraft configuration. Applying filtering...
[27set.2026 17:46:41.071] [fml-loadingscreen/INFO] [net.neoforged.fml.earlydisplay.render.LoadingScreenRenderer/]: GL info: NVIDIA GeForce RTX 4060/PCIe/SSE2 GL version 3.3.0 NVIDIA 610.74, NVIDIA Corporation
[27set.2026 17:46:41.077] [ForkJoinPool.commonPool-worker-13/INFO] [net.neoforged.fml.loading.moddiscovery.locators.InDevFolderLocator/CORE]: Got mod coordinates hephaestus_tools%%E:\addons proprios\Hephaestus Mods\tools 26.1\build\classes\java\main;hephaestus_tools%%E:\addons proprios\Hephaestus Mods\tools 26.1\build\resources\main from env
[27set.2026 17:46:41.214] [ForkJoinPool.commonPool-worker-13/INFO] [net.neoforged.fml.loading.moddiscovery.locators.JarInJarDependencyLocator/]: Found 3 dependencies adding them to mods collection
[27set.2026 17:46:41.216] [ForkJoinPool.commonPool-worker-13/INFO] [net.neoforged.fml.loading.moddiscovery.ModDiscoverer/]: 
     Mod List:
		Name Version (Mod Id)

		Athena 4.7.3 (athena)
		FTB Library 26.1.2.8 (ftblibrary)
		FTB Materials 26.1.2.5 (ftbmaterials)
		Hephaestus Forge 1.0.9 (hephaestus)
		Hephaestus Tools 1.0.0 (hephaestus_tools)
		Just Enough Items 29.5.0.26 (jei)
		Minecraft 26.1.2 (minecraft)
		NeoForge 26.1.2.100 (neoforge)
[27set.2026 17:46:41.437] [main/INFO] [mixin/]: SpongePowered MIXIN Subsystem Version=0.8.7 Source=file:/C:/Users/xtuto/.gradle/caches/modules-2/files-2.1/net.fabricmc/sponge-mixin/0.17.3+mixin.0.8.7/41c4a3984a80f4679e759fb9f495587acc5cdac7/sponge-mixin-0.17.3+mixin.0.8.7.jar Service=FML Env=CLIENT
[27set.2026 17:46:41.456] [main/INFO] [net.neoforged.fml.loading.FMLLoader/]: Loading FML Plugins:
[27set.2026 17:46:41.458] [main/INFO] [net.neoforged.fml.loading.FMLLoader/]:  - C:/Users/xtuto/.gradle/caches/modules-2/files-2.1/curse.maven/ftb-library-forge-404465/8858835/61d76c04db77a1c964e1c60507fac2d1d77642c1/ftb-library-forge-404465-8858835.jar > json5-java-3.0.0.jar
[27set.2026 17:46:41.458] [main/INFO] [net.neoforged.fml.loading.FMLLoader/]:  - C:/Users/xtuto/.gradle/caches/modules-2/files-2.1/net.neoforged/neoforge/26.1.2.100/dc0b79397e374058ab619e3dd8b2ccfdf88544b6/neoforge-26.1.2.100-universal.jar > net.neoforged.neoforge-coremods-26.1.2.100.jar
[27set.2026 17:46:41.534] [main/INFO] [net.neoforged.fml.loading.FMLLoader/]: Building game content classloader:
 - athena (jar(C:/Users/xtuto/.gradle/caches/modules-2/files-2.1/curse.maven/athena-841890/7970442/2583e9a557cca800efb356a4ca17f5dce96f762a/athena-841890-7970442.jar))
 - ftblibrary (jar(C:/Users/xtuto/.gradle/caches/modules-2/files-2.1/curse.maven/ftb-library-forge-404465/8858835/61d76c04db77a1c964e1c60507fac2d1d77642c1/ftb-library-forge-404465-8858835.jar))
 - ftbmaterials (jar(C:/Users/xtuto/.gradle/caches/modules-2/files-2.1/curse.maven/ftb-materials-1124942/8500413/817782eff72868c68b09914020ca254de5a2d95c/ftb-materials-1124942-8500413.jar))
 - hephaestus (jar(C:/Users/xtuto/.gradle/caches/modules-2/files-2.1/curse.maven/hephaestus-forge-1542467/8933923/d2490ec677f4a6ba129dfbe238916b209cfbb7e5/hephaestus-forge-1542467-8933923.jar))
 - hephaestus_tools (composite(folder(E:/addons proprios/Hephaestus Mods/tools 26.1/build/classes/java/main), folder(E:/addons proprios/Hephaestus Mods/tools 26.1/build/resources/main)))
 - jei (jar(C:/Users/xtuto/.gradle/caches/modules-2/files-2.1/mezz.jei/jei-26.1.2-neoforge/29.5.0.26/3341cfa3b1139c3a5793df3fb05ff2a4001e3b69/jei-26.1.2-neoforge-29.5.0.26.jar))
 - minecraft (composite(filtered(jar(E:/addons proprios/Hephaestus Mods/tools 26.1/build/moddev/artifacts/minecraft-patched-26.1.2.100.jar)), filtered(jar(E:/addons proprios/Hephaestus Mods/tools 26.1/build/moddev/artifacts/minecraft-patched-26.1.2.100.jar))))
 - mixinextras.neoforge (jar(C:/Users/xtuto/.gradle/caches/modules-2/files-2.1/net.neoforged/neoforge/26.1.2.100/dc0b79397e374058ab619e3dd8b2ccfdf88544b6/neoforge-26.1.2.100-universal.jar > mixinextras-neoforge-0.5.4.jar))
 - neoforge (composite(filtered(jar(C:/Users/xtuto/.gradle/caches/modules-2/files-2.1/net.neoforged/neoforge/26.1.2.100/dc0b79397e374058ab619e3dd8b2ccfdf88544b6/neoforge-26.1.2.100-universal.jar))))
 - net.neoforged.fml.generated (empty(VirtualJar/net.neoforged.fml.generated))
[27set.2026 17:46:41.547] [main/INFO] [net.neoforged.fml.loading.FMLLoader/]: Built game content classloader in 24ms
[27set.2026 17:46:41.592] [main/INFO] [mixin/]: Compatibility level set to JAVA_25
[27set.2026 17:46:41.606] [main/WARN] [mixin/]: Reference map 'hephaestus_tools.refmap.json' for hephaestus_tools.mixins.json could not be read. If this is a development environment you can ignore this message
[27set.2026 17:46:41.809] [main/INFO] [MixinExtras|Service/]: Initializing MixinExtras via com.llamalad7.mixinextras.service.MixinExtrasServiceImpl(version=0.5.4).
[27set.2026 17:46:42.732] [Datafixer Bootstrap/INFO] [com.mojang.datafixers.DataFixerBuilder/]: 294 Datafixer optimizations took 277 milliseconds
[27set.2026 17:46:47.137] [main/WARN] [net.minecraft.commands.Commands/]: Ambiguity between arguments [teleport, location] and [teleport, destination] with inputs: [0.1 -0.5 .9, 0 0 0]
[27set.2026 17:46:47.138] [main/WARN] [net.minecraft.commands.Commands/]: Ambiguity between arguments [teleport, location] and [teleport, targets] with inputs: [0.1 -0.5 .9, 0 0 0]
[27set.2026 17:46:47.141] [main/WARN] [net.minecraft.commands.Commands/]: Ambiguity between arguments [teleport, destination] and [teleport, targets] with inputs: [Player, 0123, @e, dd12be42-52a9-4a91-a8a1-11c01849e498]
[27set.2026 17:46:47.143] [main/WARN] [net.minecraft.commands.Commands/]: Ambiguity between arguments [teleport, targets] and [teleport, destination] with inputs: [Player, 0123, dd12be42-52a9-4a91-a8a1-11c01849e498]
[27set.2026 17:46:47.144] [main/WARN] [net.minecraft.commands.Commands/]: Ambiguity between arguments [teleport, targets, location] and [teleport, targets, destination] with inputs: [0.1 -0.5 .9, 0 0 0]
[27set.2026 17:46:47.145] [main/WARN] [net.minecraft.commands.Commands/]: Ambiguity between arguments [time, set, time] and [time, set, timemarker] with inputs: [0, 0s, 0d, 0t]
[27set.2026 17:46:47.146] [main/WARN] [net.minecraft.commands.Commands/]: Ambiguity between arguments [time, set, timemarker] and [time, set, time] with inputs: [012]
[27set.2026 17:46:47.149] [main/WARN] [net.minecraft.commands.Commands/]: Ambiguity between arguments [time, of, clock, set, time] and [time, of, clock, set, timemarker] with inputs: [0, 0s, 0d, 0t]
[27set.2026 17:46:47.150] [main/WARN] [net.minecraft.commands.Commands/]: Ambiguity between arguments [time, of, clock, set, timemarker] and [time, of, clock, set, time] with inputs: [012]
[27set.2026 17:46:47.152] [main/WARN] [net.minecraft.commands.Commands/]: Ambiguity between arguments [waypoint, modify, waypoint, color, reset] and [waypoint, modify, waypoint, color, color] with inputs: [reset]
[27set.2026 17:46:47.206] [modloading-worker-0/INFO] [dev.ftb.mods.ftbmaterials.resources.ResourceRegistries/]: Initializing resource registry holders
[27set.2026 17:46:47.219] [modloading-worker-0/INFO] [net.neoforged.neoforge.common.NeoForgeMod/NEOFORGE-MOD]: NeoForge mod loading, version 26.1.2.100, for MC 26.1.2
[27set.2026 17:46:47.308] [modloading-worker-0/INFO] [mezz.jei.library.load.PluginCaller/]: Sending ConfigManager...
[27set.2026 17:46:47.310] [modloading-worker-0/INFO] [mezz.jei.library.load.PluginCaller/]: Sending ConfigManager took 1.359 milliseconds
[27set.2026 17:46:47.997] [Render thread/INFO] [com.mojang.authlib.yggdrasil.YggdrasilAuthenticationService/]: Environment: Environment[sessionHost=https://sessionserver.mojang.com, servicesHost=https://api.minecraftservices.com, profilesHost=https://api.mojang.com, name=PROD]
[27set.2026 17:46:48.022] [Render thread/INFO] [net.minecraft.client.Minecraft/]: Setting user: Dev
[27set.2026 17:46:48.127] [Render thread/INFO] [net.minecraft.client.Minecraft/]: Backend library: LWJGL version 3.4.1+2
[27set.2026 17:46:48.273] [Render thread/INFO] [net.minecraft.client.Minecraft/]: Using optional rendering extensions: GL_ARB_buffer_storage, GL_KHR_debug, GL_ARB_vertex_attrib_binding, GL_ARB_direct_state_access, GL_EXT_texture_filter_anisotropic
[27set.2026 17:46:48.981] [Render thread/INFO] [net.minecraft.server.packs.resources.ReloadableResourceManager/]: Reloading ResourceManager: vanilla, mod_resources, mod/ftblibrary, mod/ftbmaterials, mod/athena, mod/hephaestus, mod/hephaestus_tools, mod/neoforge, mod/jei
[27set.2026 17:46:49.208] [resourceLoad/INFO] [net.minecraft.client.gui.font.providers.UnihexProvider/]: Found unifont_pua-17.0.01.hex, loading
[27set.2026 17:46:49.213] [resourceLoad/INFO] [net.minecraft.client.gui.font.providers.UnihexProvider/]: Found unifont_all_no_pua-17.0.01.hex, loading
[27set.2026 17:46:49.340] [resourceLoad/INFO] [net.minecraft.client.gui.font.providers.UnihexProvider/]: Found unifont_jp_patch-17.0.01.hex, loading
[27set.2026 17:46:49.402] [resourceLoad/WARN] [net.minecraft.client.renderer.texture.SpriteContents/]: Unused frames in sprite hephaestus:fluid/liquid/molten_metal: [20, 21, 22, 23, 24, 25, 26, 27, 28, 29, 30, 31, 32, 33, 34, 35, 36, 37, 38, 39, 40, 41, 42, 43, 44, 45, 46, 47, 48]
[27set.2026 17:46:49.610] [Render thread/WARN] [com.mojang.blaze3d.opengl.GlProgram/]: neoforge:pipeline/item_translucent_unlit shader program does not use sampler Sampler2 defined in the pipeline. This might be a bug.
[27set.2026 17:46:49.611] [Render thread/WARN] [com.mojang.blaze3d.opengl.GlProgram/]: neoforge:pipeline/item_cutout_unlit shader program does not use sampler Sampler2 defined in the pipeline. This might be a bug.
[27set.2026 17:46:49.633] [Render thread/ERROR] [net.minecraft.client.sounds.SoundManager/]: Missing subtitle translation{key='subtitles.hephaestus_tools.arsenal_table_craft', args=[]} for sound event: hephaestus_tools:arsenal_table_craft
[27set.2026 17:46:49.633] [Render thread/ERROR] [net.minecraft.client.sounds.SoundManager/]: Missing subtitle translation{key='subtitles.hephaestus_tools.arsenal_table_open', args=[]} for sound event: hephaestus_tools:arsenal_table_open
[27set.2026 17:46:49.634] [Render thread/ERROR] [net.minecraft.client.sounds.SoundManager/]: Missing subtitle translation{key='subtitles.hephaestus_tools.arsenal_table_close', args=[]} for sound event: hephaestus_tools:arsenal_table_close
[27set.2026 17:46:49.634] [Render thread/ERROR] [net.minecraft.client.sounds.SoundManager/]: Missing subtitle translation{key='subtitles.hephaestus_tools.arsenal_table_craft_hold', args=[]} for sound event: hephaestus_tools:arsenal_table_craft_hold
[27set.2026 17:46:49.660] [Render thread/INFO] [com.mojang.blaze3d.audio.Library/]: OpenAL initialized on device OpenAL Soft on Alto-falantes (4- fifine Headset)
[27set.2026 17:46:49.663] [Render thread/INFO] [net.minecraft.client.sounds.SoundEngine/SOUNDS]: Sound engine started
[27set.2026 17:46:49.663] [Render thread/INFO] [net.minecraft.client.renderer.texture.TextureAtlas/]: Created: 512x512x0 minecraft:textures/atlas/particles.png-atlas
[27set.2026 17:46:49.681] [Render thread/INFO] [net.minecraft.client.renderer.texture.TextureAtlas/]: Created: 128x128x0 minecraft:textures/atlas/decorated_pot.png-atlas
[27set.2026 17:46:49.683] [Render thread/INFO] [net.minecraft.client.renderer.texture.TextureAtlas/]: Created: 2048x1024x0 minecraft:textures/atlas/armor_trims.png-atlas
[27set.2026 17:46:49.698] [Render thread/INFO] [net.minecraft.client.renderer.texture.TextureAtlas/]: Created: 512x256x0 minecraft:textures/atlas/paintings.png-atlas
[27set.2026 17:46:49.716] [Render thread/INFO] [net.minecraft.client.renderer.texture.TextureAtlas/]: Created: 1024x512x0 minecraft:textures/atlas/shield_patterns.png-atlas
[27set.2026 17:46:49.718] [Render thread/INFO] [net.minecraft.client.renderer.texture.TextureAtlas/]: Created: 2048x2048x4 minecraft:textures/atlas/blocks.png-atlas
[27set.2026 17:46:49.803] [Render thread/INFO] [net.minecraft.client.renderer.texture.TextureAtlas/]: Created: 512x512x0 minecraft:textures/atlas/chest.png-atlas
[27set.2026 17:46:49.969] [Render thread/INFO] [net.minecraft.client.renderer.texture.TextureAtlas/]: Created: 256x128x0 minecraft:textures/atlas/celestials.png-atlas
[27set.2026 17:46:49.970] [Render thread/INFO] [net.minecraft.client.renderer.texture.TextureAtlas/]: Created: 1024x512x0 minecraft:textures/atlas/banner_patterns.png-atlas
[27set.2026 17:46:49.972] [Render thread/INFO] [net.minecraft.client.renderer.texture.TextureAtlas/]: Created: 512x512x0 minecraft:textures/atlas/beds.png-atlas
[27set.2026 17:46:49.976] [Render thread/INFO] [net.minecraft.client.renderer.texture.TextureAtlas/]: Created: 1024x1024x0 minecraft:textures/atlas/items.png-atlas
[27set.2026 17:46:49.994] [Render thread/INFO] [net.minecraft.client.renderer.texture.TextureAtlas/]: Created: 1024x1024x0 minecraft:textures/atlas/gui.png-atlas
[27set.2026 17:46:50.007] [Render thread/INFO] [net.minecraft.client.renderer.texture.TextureAtlas/]: Created: 128x64x0 minecraft:textures/atlas/map_decorations.png-atlas
[27set.2026 17:46:50.012] [Render thread/INFO] [net.minecraft.client.renderer.texture.TextureAtlas/]: Created: 512x256x0 minecraft:textures/atlas/signs.png-atlas
[27set.2026 17:46:50.013] [Render thread/INFO] [net.minecraft.client.renderer.texture.TextureAtlas/]: Created: 512x512x0 minecraft:textures/atlas/shulker_boxes.png-atlas
[27set.2026 17:46:50.242] [resourceLoad/WARN] [net.minecraft.client.renderer.block.dispatch.BlockStateModelDispatcher/]: Exception loading blockstate definition: 'hephaestus:seared_faucet/mod/hephaestus' for variant: 'facing=down': Unknown value: 'down' for blockstate property: 'facing' [north, south, west, east]
[27set.2026 17:46:50.242] [resourceLoad/WARN] [net.minecraft.client.renderer.block.dispatch.BlockStateModelDispatcher/]: Exception loading blockstate definition: 'hephaestus:seared_faucet/mod/hephaestus' for variant: 'facing=up': Unknown value: 'up' for blockstate property: 'facing' [north, south, west, east]
[27set.2026 17:46:50.411] [resourceLoad/WARN] [net.minecraft.client.resources.model.ModelDiscovery/]: Missing block model: hephaestus:block/molten_lapis_block
[27set.2026 17:46:50.411] [resourceLoad/WARN] [net.minecraft.client.resources.model.ModelDiscovery/]: Missing block model: hephaestus:block/molten_lead_block
[27set.2026 17:46:50.412] [resourceLoad/WARN] [net.minecraft.client.resources.model.ModelDiscovery/]: Missing block model: hephaestus:block/molten_gold_block
[27set.2026 17:46:50.413] [resourceLoad/WARN] [net.minecraft.client.resources.model.ModelDiscovery/]: Missing block model: hephaestus:block/molten_platinum_block
[27set.2026 17:46:50.413] [resourceLoad/WARN] [net.minecraft.client.resources.model.ModelDiscovery/]: Missing block model: hephaestus:block/molten_refined_obsidian_block
[27set.2026 17:46:50.413] [resourceLoad/WARN] [net.minecraft.client.resources.model.ModelDiscovery/]: Missing block model: hephaestus:block/molten_magma_cream_block
[27set.2026 17:46:50.414] [resourceLoad/WARN] [net.minecraft.client.resources.model.ModelDiscovery/]: Missing block model: hephaestus:block/molten_obsidian_block
[27set.2026 17:46:50.414] [resourceLoad/WARN] [net.minecraft.client.resources.model.ModelDiscovery/]: Missing block model: hephaestus:block/molten_shulker_shell_block
[27set.2026 17:46:50.414] [resourceLoad/WARN] [net.minecraft.client.resources.model.ModelDiscovery/]: Missing block model: hephaestus:block/molten_blaze_block
[27set.2026 17:46:50.414] [resourceLoad/WARN] [net.minecraft.client.resources.model.ModelDiscovery/]: Missing block model: hephaestus:block/molten_brass_block
[27set.2026 17:46:50.415] [resourceLoad/WARN] [net.minecraft.client.resources.model.ModelDiscovery/]: Missing block model: hephaestus:block/molten_slime_block
[27set.2026 17:46:50.415] [resourceLoad/WARN] [net.minecraft.client.resources.model.ModelDiscovery/]: Missing block model: hephaestus:block/molten_ender_block
[27set.2026 17:46:50.415] [resourceLoad/WARN] [net.minecraft.client.resources.model.ModelDiscovery/]: Missing block model: hephaestus:block/molten_bronze_block
[27set.2026 17:46:50.416] [resourceLoad/WARN] [net.minecraft.client.resources.model.ModelDiscovery/]: Missing block model: hephaestus:block/molten_redstone_block
[27set.2026 17:46:50.416] [resourceLoad/WARN] [net.minecraft.client.resources.model.ModelDiscovery/]: Missing block model: hephaestus:block/molten_heavy_core_block
[27set.2026 17:46:50.417] [resourceLoad/WARN] [net.minecraft.client.resources.model.ModelDiscovery/]: Missing block model: hephaestus:block/molten_nickel_block
[27set.2026 17:46:50.418] [resourceLoad/WARN] [net.minecraft.client.resources.model.ModelDiscovery/]: Missing block model: hephaestus:block/molten_iridium_block
[27set.2026 17:46:50.418] [resourceLoad/WARN] [net.minecraft.client.resources.model.ModelDiscovery/]: Missing block model: hephaestus:block/molten_netherite_block
[27set.2026 17:46:50.418] [resourceLoad/WARN] [net.minecraft.client.resources.model.ModelDiscovery/]: Missing block model: hephaestus:block/molten_tin_block
[27set.2026 17:46:50.418] [resourceLoad/WARN] [net.minecraft.client.resources.model.ModelDiscovery/]: Missing block model: hephaestus:block/molten_refined_glowstone_block
[27set.2026 17:46:50.418] [resourceLoad/WARN] [net.minecraft.client.resources.model.ModelDiscovery/]: Missing block model: hephaestus:block/molten_invar_block
[27set.2026 17:46:50.418] [resourceLoad/WARN] [net.minecraft.client.resources.model.ModelDiscovery/]: Missing block model: hephaestus:block/molten_steel_block
[27set.2026 17:46:50.418] [resourceLoad/WARN] [net.minecraft.client.resources.model.ModelDiscovery/]: Missing block model: hephaestus:block/molten_osmium_block
[27set.2026 17:46:50.419] [resourceLoad/WARN] [net.minecraft.client.resources.model.ModelDiscovery/]: Missing block model: hephaestus:block/molten_iron_block
[27set.2026 17:46:50.419] [resourceLoad/WARN] [net.minecraft.client.resources.model.ModelDiscovery/]: Missing block model: hephaestus:block/molten_amethyst_block
[27set.2026 17:46:50.419] [resourceLoad/WARN] [net.minecraft.client.resources.model.ModelDiscovery/]: Missing block model: hephaestus:block/molten_glass_block
[27set.2026 17:46:50.420] [resourceLoad/WARN] [net.minecraft.client.resources.model.ModelDiscovery/]: Missing block model: hephaestus:block/molten_carbon_block
[27set.2026 17:46:50.420] [resourceLoad/WARN] [net.minecraft.client.resources.model.ModelDiscovery/]: Missing block model: hephaestus:block/molten_emerald_block
[27set.2026 17:46:50.420] [resourceLoad/WARN] [net.minecraft.client.resources.model.ModelDiscovery/]: Missing block model: hephaestus:block/molten_signalum_block
[27set.2026 17:46:50.421] [resourceLoad/WARN] [net.minecraft.client.resources.model.ModelDiscovery/]: Missing block model: hephaestus:block/molten_diamond_block
[27set.2026 17:46:50.421] [resourceLoad/WARN] [net.minecraft.client.resources.model.ModelDiscovery/]: Missing block model: hephaestus:block/molten_copper_block
[27set.2026 17:46:50.421] [resourceLoad/WARN] [net.minecraft.client.resources.model.ModelDiscovery/]: Missing block model: hephaestus:block/molten_uranium_block
[27set.2026 17:46:50.421] [resourceLoad/WARN] [net.minecraft.client.resources.model.ModelDiscovery/]: Missing block model: hephaestus:block/molten_quartz_block
[27set.2026 17:46:50.422] [resourceLoad/WARN] [net.minecraft.client.resources.model.ModelDiscovery/]: Missing block model: hephaestus:block/molten_seared_stone_block
[27set.2026 17:46:50.422] [resourceLoad/WARN] [net.minecraft.client.resources.model.ModelDiscovery/]: Missing block model: hephaestus:block/molten_silver_block
[27set.2026 17:46:50.422] [resourceLoad/WARN] [net.minecraft.client.resources.model.ModelDiscovery/]: Missing block model: hephaestus:block/molten_cobalt_block
[27set.2026 17:46:50.422] [resourceLoad/WARN] [net.minecraft.client.resources.model.ModelDiscovery/]: Missing block model: hephaestus:block/molten_wax_block
[27set.2026 17:46:50.422] [resourceLoad/WARN] [net.minecraft.client.resources.model.ModelDiscovery/]: Missing block model: hephaestus:block/molten_ancient_debris_block
[27set.2026 17:46:50.423] [resourceLoad/WARN] [net.minecraft.client.resources.model.ModelDiscovery/]: Missing block model: hephaestus:block/molten_meat_block
[27set.2026 17:46:50.424] [resourceLoad/WARN] [net.minecraft.client.resources.model.ModelDiscovery/]: Missing block model: hephaestus:block/molten_electrum_block
[27set.2026 17:46:50.424] [resourceLoad/WARN] [net.minecraft.client.resources.model.ModelDiscovery/]: Missing block model: hephaestus:block/molten_lumium_block
[27set.2026 17:46:50.425] [resourceLoad/WARN] [net.minecraft.client.resources.model.ModelDiscovery/]: Missing block model: hephaestus:block/molten_glowstone_block
[27set.2026 17:46:50.425] [resourceLoad/WARN] [net.minecraft.client.resources.model.ModelDiscovery/]: Missing block model: hephaestus:block/molten_constantan_block
[27set.2026 17:46:50.425] [resourceLoad/WARN] [net.minecraft.client.resources.model.ModelDiscovery/]: Missing block model: hephaestus:block/molten_aluminum_block
[27set.2026 17:46:50.425] [resourceLoad/WARN] [net.minecraft.client.resources.model.ModelDiscovery/]: Missing block model: hephaestus:block/molten_enderium_block
[27set.2026 17:46:50.426] [resourceLoad/WARN] [net.minecraft.client.resources.model.ModelDiscovery/]: Missing block model: hephaestus:block/molten_scorched_stone_block
[27set.2026 17:46:50.427] [resourceLoad/WARN] [net.minecraft.client.resources.model.ModelDiscovery/]: Missing block model: hephaestus:block/molten_zinc_block
[27set.2026 17:46:50.930] [resourceLoad/WARN] [net.minecraft.client.resources.model.ModelManager/]: Missing texture references in model hephaestus_tools:block/arsenal_table_empty:
    particle
[27set.2026 17:46:50.960] [Render thread/INFO] [net.neoforged.neoforge.client.entity.animation.json.AnimationLoader/]: Loaded 0 entity animations
[27set.2026 17:46:51.149] [Render thread/INFO] [net.minecraft.client.renderer.texture.TextureAtlas/]: Created: 256x256x0 jei:textures/atlas/gui.png-atlas
[27set.2026 17:46:56.578] [Worker-Main-2/ERROR] [dev.ftb.mods.ftbmaterials.FTBMaterials/]: can't load unifier DB from E:\addons proprios\Hephaestus Mods\tools 26.1\run\config\ftbmaterials\unifier-db.json: E:\addons proprios\Hephaestus Mods\tools 26.1\run\config\ftbmaterials\unifier-db.json
[27set.2026 17:46:56.625] [Worker-Main-2/ERROR] [net.minecraft.server.packs.resources.SimpleJsonResourceReloadListener/]: Couldn't parse data file 'hephaestus:smeltery/melting/ftbmaterials_compat/metal/constantan/raw_block': DataResult.Error['Missing tag: 'c:storage_blocks/raw_constantan' in 'minecraft:item'; Not a JSON object: "#c:storage_blocks/raw_constantan"']
[27set.2026 17:46:56.637] [Worker-Main-2/ERROR] [net.minecraft.server.packs.resources.SimpleJsonResourceReloadListener/]: Couldn't parse data file 'hephaestus:smeltery/melting/ftbmaterials_compat/metal/bronze/raw_block': DataResult.Error['Missing tag: 'c:storage_blocks/raw_bronze' in 'minecraft:item'; Not a JSON object: "#c:storage_blocks/raw_bronze"']
[27set.2026 17:46:56.834] [Render thread/INFO] [net.minecraft.world.item.crafting.RecipeManager/]: Loaded 2917 recipes
[27set.2026 17:46:56.846] [Render thread/INFO] [net.minecraft.advancements.AdvancementTree/]: Loaded 2232 advancements
[27set.2026 17:46:56.847] [Render thread/INFO] [net.neoforged.neoforge.common.crafting.RecipePriorityManager/]: Loaded 0 recipe priority overrides
[27set.2026 17:46:56.856] [Render thread/INFO] [com.titammods.hephaestus_tools.materials.MaterialManager/]: [HephaestusTools] Materiais carregados: 26 OK, 0 falhas
[27set.2026 17:46:56.945] [Render thread/WARN] [net.minecraft.world.item.crafting.RecipeManager/]: Recipe hephaestus_tools:casting/casts/adze_head_cast can't be placed due to empty ingredients and will be ignored
[27set.2026 17:46:56.946] [Render thread/WARN] [net.minecraft.world.item.crafting.RecipeManager/]: Recipe hephaestus_tools:casting/casts/broad_axe_head_cast can't be placed due to empty ingredients and will be ignored
[27set.2026 17:46:56.946] [Render thread/WARN] [net.minecraft.world.item.crafting.RecipeManager/]: Recipe hephaestus_tools:casting/casts/hammer_head_cast can't be placed due to empty ingredients and will be ignored
[27set.2026 17:46:56.946] [Render thread/WARN] [net.minecraft.world.item.crafting.RecipeManager/]: Recipe hephaestus_tools:casting/casts/large_blade_cast can't be placed due to empty ingredients and will be ignored
[27set.2026 17:46:56.946] [Render thread/WARN] [net.minecraft.world.item.crafting.RecipeManager/]: Recipe hephaestus_tools:casting/casts/large_plate_cast can't be placed due to empty ingredients and will be ignored
[27set.2026 17:46:56.946] [Render thread/WARN] [net.minecraft.world.item.crafting.RecipeManager/]: Recipe hephaestus_tools:casting/casts/pick_head_cast can't be placed due to empty ingredients and will be ignored
[27set.2026 17:46:56.946] [Render thread/WARN] [net.minecraft.world.item.crafting.RecipeManager/]: Recipe hephaestus_tools:casting/casts/small_axe_head_cast can't be placed due to empty ingredients and will be ignored
[27set.2026 17:46:56.946] [Render thread/WARN] [net.minecraft.world.item.crafting.RecipeManager/]: Recipe hephaestus_tools:casting/casts/small_blade_cast can't be placed due to empty ingredients and will be ignored
[27set.2026 17:46:56.946] [Render thread/WARN] [net.minecraft.world.item.crafting.RecipeManager/]: Recipe hephaestus_tools:casting/casts/tool_binding_cast can't be placed due to empty ingredients and will be ignored
[27set.2026 17:46:56.946] [Render thread/WARN] [net.minecraft.world.item.crafting.RecipeManager/]: Recipe hephaestus_tools:casting/casts/tool_handle_cast can't be placed due to empty ingredients and will be ignored
[27set.2026 17:46:56.946] [Render thread/WARN] [net.minecraft.world.item.crafting.RecipeManager/]: Recipe hephaestus_tools:casting/casts/tough_binding_cast can't be placed due to empty ingredients and will be ignored
[27set.2026 17:46:56.946] [Render thread/WARN] [net.minecraft.world.item.crafting.RecipeManager/]: Recipe hephaestus_tools:casting/casts/tough_handle_cast can't be placed due to empty ingredients and will be ignored
[27set.2026 17:46:56.946] [Render thread/WARN] [net.minecraft.world.item.crafting.RecipeManager/]: Recipe hephaestus_tools:casting/compat/aluminum/adze_head can't be placed due to empty ingredients and will be ignored
[27set.2026 17:46:56.946] [Render thread/WARN] [net.minecraft.world.item.crafting.RecipeManager/]: Recipe hephaestus_tools:casting/compat/aluminum/broad_axe_head can't be placed due to empty ingredients and will be ignored
[27set.2026 17:46:56.946] [Render thread/WARN] [net.minecraft.world.item.crafting.RecipeManager/]: Recipe hephaestus_tools:casting/compat/aluminum/hammer_head can't be placed due to empty ingredients and will be ignored
[27set.2026 17:46:56.946] [Render thread/WARN] [net.minecraft.world.item.crafting.RecipeManager/]: Recipe hephaestus_tools:casting/compat/aluminum/large_blade can't be placed due to empty ingredients and will be ignored
[27set.2026 17:46:56.946] [Render thread/WARN] [net.minecraft.world.item.crafting.RecipeManager/]: Recipe hephaestus_tools:casting/compat/aluminum/large_plate can't be placed due to empty ingredients and will be ignored
[27set.2026 17:46:56.946] [Render thread/WARN] [net.minecraft.world.item.crafting.RecipeManager/]: Recipe hephaestus_tools:casting/compat/aluminum/pick_head can't be placed due to empty ingredients and will be ignored
[27set.2026 17:46:56.946] [Render thread/WARN] [net.minecraft.world.item.crafting.RecipeManager/]: Recipe hephaestus_tools:casting/compat/aluminum/small_axe_head can't be placed due to empty ingredients and will be ignored
[27set.2026 17:46:56.946] [Render thread/WARN] [net.minecraft.world.item.crafting.RecipeManager/]: Recipe hephaestus_tools:casting/compat/aluminum/small_blade can't be placed due to empty ingredients and will be ignored
[27set.2026 17:46:56.946] [Render thread/WARN] [net.minecraft.world.item.crafting.RecipeManager/]: Recipe hephaestus_tools:casting/compat/aluminum/tool_binding can't be placed due to empty ingredients and will be ignored
[27set.2026 17:46:56.946] [Render thread/WARN] [net.minecraft.world.item.crafting.RecipeManager/]: Recipe hephaestus_tools:casting/compat/aluminum/tool_handle can't be placed due to empty ingredients and will be ignored
[27set.2026 17:46:56.947] [Render thread/WARN] [net.minecraft.world.item.crafting.RecipeManager/]: Recipe hephaestus_tools:casting/compat/aluminum/tough_binding can't be placed due to empty ingredients and will be ignored
[27set.2026 17:46:56.947] [Render thread/WARN] [net.minecraft.world.item.crafting.RecipeManager/]: Recipe hephaestus_tools:casting/compat/aluminum/tough_handle can't be placed due to empty ingredients and will be ignored
[27set.2026 17:46:56.947] [Render thread/WARN] [net.minecraft.world.item.crafting.RecipeManager/]: Recipe hephaestus_tools:casting/compat/brass/adze_head can't be placed due to empty ingredients and will be ignored
[27set.2026 17:46:56.947] [Render thread/WARN] [net.minecraft.world.item.crafting.RecipeManager/]: Recipe hephaestus_tools:casting/compat/brass/broad_axe_head can't be placed due to empty ingredients and will be ignored
[27set.2026 17:46:56.947] [Render thread/WARN] [net.minecraft.world.item.crafting.RecipeManager/]: Recipe hephaestus_tools:casting/compat/brass/hammer_head can't be placed due to empty ingredients and will be ignored
[27set.2026 17:46:56.947] [Render thread/WARN] [net.minecraft.world.item.crafting.RecipeManager/]: Recipe hephaestus_tools:casting/compat/brass/large_blade can't be placed due to empty ingredients and will be ignored
[27set.2026 17:46:56.947] [Render thread/WARN] [net.minecraft.world.item.crafting.RecipeManager/]: Recipe hephaestus_tools:casting/compat/brass/large_plate can't be placed due to empty ingredients and will be ignored
[27set.2026 17:46:56.947] [Render thread/WARN] [net.minecraft.world.item.crafting.RecipeManager/]: Recipe hephaestus_tools:casting/compat/brass/pick_head can't be placed due to empty ingredients and will be ignored
[27set.2026 17:46:56.947] [Render thread/WARN] [net.minecraft.world.item.crafting.RecipeManager/]: Recipe hephaestus_tools:casting/compat/brass/small_axe_head can't be placed due to empty ingredients and will be ignored
[27set.2026 17:46:56.947] [Render thread/WARN] [net.minecraft.world.item.crafting.RecipeManager/]: Recipe hephaestus_tools:casting/compat/brass/small_blade can't be placed due to empty ingredients and will be ignored
[27set.2026 17:46:56.947] [Render thread/WARN] [net.minecraft.world.item.crafting.RecipeManager/]: Recipe hephaestus_tools:casting/compat/brass/tool_binding can't be placed due to empty ingredients and will be ignored
[27set.2026 17:46:56.947] [Render thread/WARN] [net.minecraft.world.item.crafting.RecipeManager/]: Recipe hephaestus_tools:casting/compat/brass/tool_handle can't be placed due to empty ingredients and will be ignored
[27set.2026 17:46:56.947] [Render thread/WARN] [net.minecraft.world.item.crafting.RecipeManager/]: Recipe hephaestus_tools:casting/compat/brass/tough_binding can't be placed due to empty ingredients and will be ignored
[27set.2026 17:46:56.947] [Render thread/WARN] [net.minecraft.world.item.crafting.RecipeManager/]: Recipe hephaestus_tools:casting/compat/brass/tough_handle can't be placed due to empty ingredients and will be ignored
[27set.2026 17:46:56.947] [Render thread/WARN] [net.minecraft.world.item.crafting.RecipeManager/]: Recipe hephaestus_tools:casting/compat/bronze/adze_head can't be placed due to empty ingredients and will be ignored
[27set.2026 17:46:56.947] [Render thread/WARN] [net.minecraft.world.item.crafting.RecipeManager/]: Recipe hephaestus_tools:casting/compat/bronze/broad_axe_head can't be placed due to empty ingredients and will be ignored
[27set.2026 17:46:56.947] [Render thread/WARN] [net.minecraft.world.item.crafting.RecipeManager/]: Recipe hephaestus_tools:casting/compat/bronze/hammer_head can't be placed due to empty ingredients and will be ignored
[27set.2026 17:46:56.947] [Render thread/WARN] [net.minecraft.world.item.crafting.RecipeManager/]: Recipe hephaestus_tools:casting/compat/bronze/large_blade can't be placed due to empty ingredients and will be ignored
[27set.2026 17:46:56.947] [Render thread/WARN] [net.minecraft.world.item.crafting.RecipeManager/]: Recipe hephaestus_tools:casting/compat/bronze/large_plate can't be placed due to empty ingredients and will be ignored
[27set.2026 17:46:56.947] [Render thread/WARN] [net.minecraft.world.item.crafting.RecipeManager/]: Recipe hephaestus_tools:casting/compat/bronze/pick_head can't be placed due to empty ingredients and will be ignored
[27set.2026 17:46:56.947] [Render thread/WARN] [net.minecraft.world.item.crafting.RecipeManager/]: Recipe hephaestus_tools:casting/compat/bronze/small_axe_head can't be placed due to empty ingredients and will be ignored
[27set.2026 17:46:56.947] [Render thread/WARN] [net.minecraft.world.item.crafting.RecipeManager/]: Recipe hephaestus_tools:casting/compat/bronze/small_blade can't be placed due to empty ingredients and will be ignored
[27set.2026 17:46:56.947] [Render thread/WARN] [net.minecraft.world.item.crafting.RecipeManager/]: Recipe hephaestus_tools:casting/compat/bronze/tool_binding can't be placed due to empty ingredients and will be ignored
[27set.2026 17:46:56.947] [Render thread/WARN] [net.minecraft.world.item.crafting.RecipeManager/]: Recipe hephaestus_tools:casting/compat/bronze/tool_handle can't be placed due to empty ingredients and will be ignored
[27set.2026 17:46:56.947] [Render thread/WARN] [net.minecraft.world.item.crafting.RecipeManager/]: Recipe hephaestus_tools:casting/compat/bronze/tough_binding can't be placed due to empty ingredients and will be ignored
[27set.2026 17:46:56.947] [Render thread/WARN] [net.minecraft.world.item.crafting.RecipeManager/]: Recipe hephaestus_tools:casting/compat/bronze/tough_handle can't be placed due to empty ingredients and will be ignored
[27set.2026 17:46:56.947] [Render thread/WARN] [net.minecraft.world.item.crafting.RecipeManager/]: Recipe hephaestus_tools:casting/compat/constantan/adze_head can't be placed due to empty ingredients and will be ignored
[27set.2026 17:46:56.947] [Render thread/WARN] [net.minecraft.world.item.crafting.RecipeManager/]: Recipe hephaestus_tools:casting/compat/constantan/broad_axe_head can't be placed due to empty ingredients and will be ignored
[27set.2026 17:46:56.947] [Render thread/WARN] [net.minecraft.world.item.crafting.RecipeManager/]: Recipe hephaestus_tools:casting/compat/constantan/hammer_head can't be placed due to empty ingredients and will be ignored
[27set.2026 17:46:56.947] [Render thread/WARN] [net.minecraft.world.item.crafting.RecipeManager/]: Recipe hephaestus_tools:casting/compat/constantan/large_blade can't be placed due to empty ingredients and will be ignored
[27set.2026 17:46:56.949] [Render thread/WARN] [net.minecraft.world.item.crafting.RecipeManager/]: Recipe hephaestus_tools:casting/compat/constantan/large_plate can't be placed due to empty ingredients and will be ignored
[27set.2026 17:46:56.949] [Render thread/WARN] [net.minecraft.world.item.crafting.RecipeManager/]: Recipe hephaestus_tools:casting/compat/constantan/pick_head can't be placed due to empty ingredients and will be ignored
[27set.2026 17:46:56.949] [Render thread/WARN] [net.minecraft.world.item.crafting.RecipeManager/]: Recipe hephaestus_tools:casting/compat/constantan/small_axe_head can't be placed due to empty ingredients and will be ignored
[27set.2026 17:46:56.949] [Render thread/WARN] [net.minecraft.world.item.crafting.RecipeManager/]: Recipe hephaestus_tools:casting/compat/constantan/small_blade can't be placed due to empty ingredients and will be ignored
[27set.2026 17:46:56.949] [Render thread/WARN] [net.minecraft.world.item.crafting.RecipeManager/]: Recipe hephaestus_tools:casting/compat/constantan/tool_binding can't be placed due to empty ingredients and will be ignored
[27set.2026 17:46:56.949] [Render thread/WARN] [net.minecraft.world.item.crafting.RecipeManager/]: Recipe hephaestus_tools:casting/compat/constantan/tool_handle can't be placed due to empty ingredients and will be ignored
[27set.2026 17:46:56.949] [Render thread/WARN] [net.minecraft.world.item.crafting.RecipeManager/]: Recipe hephaestus_tools:casting/compat/constantan/tough_binding can't be placed due to empty ingredients and will be ignored
[27set.2026 17:46:56.949] [Render thread/WARN] [net.minecraft.world.item.crafting.RecipeManager/]: Recipe hephaestus_tools:casting/compat/constantan/tough_handle can't be placed due to empty ingredients and will be ignored
[27set.2026 17:46:56.949] [Render thread/WARN] [net.minecraft.world.item.crafting.RecipeManager/]: Recipe hephaestus_tools:casting/compat/electrum/adze_head can't be placed due to empty ingredients and will be ignored
[27set.2026 17:46:56.949] [Render thread/WARN] [net.minecraft.world.item.crafting.RecipeManager/]: Recipe hephaestus_tools:casting/compat/electrum/broad_axe_head can't be placed due to empty ingredients and will be ignored
[27set.2026 17:46:56.949] [Render thread/WARN] [net.minecraft.world.item.crafting.RecipeManager/]: Recipe hephaestus_tools:casting/compat/electrum/hammer_head can't be placed due to empty ingredients and will be ignored
[27set.2026 17:46:56.949] [Render thread/WARN] [net.minecraft.world.item.crafting.RecipeManager/]: Recipe hephaestus_tools:casting/compat/electrum/large_blade can't be placed due to empty ingredients and will be ignored
[27set.2026 17:46:56.949] [Render thread/WARN] [net.minecraft.world.item.crafting.RecipeManager/]: Recipe hephaestus_tools:casting/compat/electrum/large_plate can't be placed due to empty ingredients and will be ignored
[27set.2026 17:46:56.949] [Render thread/WARN] [net.minecraft.world.item.crafting.RecipeManager/]: Recipe hephaestus_tools:casting/compat/electrum/pick_head can't be placed due to empty ingredients and will be ignored
[27set.2026 17:46:56.949] [Render thread/WARN] [net.minecraft.world.item.crafting.RecipeManager/]: Recipe hephaestus_tools:casting/compat/electrum/small_axe_head can't be placed due to empty ingredients and will be ignored
[27set.2026 17:46:56.949] [Render thread/WARN] [net.minecraft.world.item.crafting.RecipeManager/]: Recipe hephaestus_tools:casting/compat/electrum/small_blade can't be placed due to empty ingredients and will be ignored
[27set.2026 17:46:56.949] [Render thread/WARN] [net.minecraft.world.item.crafting.RecipeManager/]: Recipe hephaestus_tools:casting/compat/electrum/tool_binding can't be placed due to empty ingredients and will be ignored
[27set.2026 17:46:56.949] [Render thread/WARN] [net.minecraft.world.item.crafting.RecipeManager/]: Recipe hephaestus_tools:casting/compat/electrum/tool_handle can't be placed due to empty ingredients and will be ignored
[27set.2026 17:46:56.950] [Render thread/WARN] [net.minecraft.world.item.crafting.RecipeManager/]: Recipe hephaestus_tools:casting/compat/electrum/tough_binding can't be placed due to empty ingredients and will be ignored
[27set.2026 17:46:56.950] [Render thread/WARN] [net.minecraft.world.item.crafting.RecipeManager/]: Recipe hephaestus_tools:casting/compat/electrum/tough_handle can't be placed due to empty ingredients and will be ignored
[27set.2026 17:46:56.950] [Render thread/WARN] [net.minecraft.world.item.crafting.RecipeManager/]: Recipe hephaestus_tools:casting/compat/enderium/adze_head can't be placed due to empty ingredients and will be ignored
[27set.2026 17:46:56.950] [Render thread/WARN] [net.minecraft.world.item.crafting.RecipeManager/]: Recipe hephaestus_tools:casting/compat/enderium/broad_axe_head can't be placed due to empty ingredients and will be ignored
[27set.2026 17:46:56.950] [Render thread/WARN] [net.minecraft.world.item.crafting.RecipeManager/]: Recipe hephaestus_tools:casting/compat/enderium/hammer_head can't be placed due to empty ingredients and will be ignored
[27set.2026 17:46:56.950] [Render thread/WARN] [net.minecraft.world.item.crafting.RecipeManager/]: Recipe hephaestus_tools:casting/compat/enderium/large_blade can't be placed due to empty ingredients and will be ignored
[27set.2026 17:46:56.950] [Render thread/WARN] [net.minecraft.world.item.crafting.RecipeManager/]: Recipe hephaestus_tools:casting/compat/enderium/large_plate can't be placed due to empty ingredients and will be ignored
[27set.2026 17:46:56.950] [Render thread/WARN] [net.minecraft.world.item.crafting.RecipeManager/]: Recipe hephaestus_tools:casting/compat/enderium/pick_head can't be placed due to empty ingredients and will be ignored
[27set.2026 17:46:56.950] [Render thread/WARN] [net.minecraft.world.item.crafting.RecipeManager/]: Recipe hephaestus_tools:casting/compat/enderium/small_axe_head can't be placed due to empty ingredients and will be ignored
[27set.2026 17:46:56.950] [Render thread/WARN] [net.minecraft.world.item.crafting.RecipeManager/]: Recipe hephaestus_tools:casting/compat/enderium/small_blade can't be placed due to empty ingredients and will be ignored
[27set.2026 17:46:56.950] [Render thread/WARN] [net.minecraft.world.item.crafting.RecipeManager/]: Recipe hephaestus_tools:casting/compat/enderium/tool_binding can't be placed due to empty ingredients and will be ignored
[27set.2026 17:46:56.950] [Render thread/WARN] [net.minecraft.world.item.crafting.RecipeManager/]: Recipe hephaestus_tools:casting/compat/enderium/tool_handle can't be placed due to empty ingredients and will be ignored
[27set.2026 17:46:56.950] [Render thread/WARN] [net.minecraft.world.item.crafting.RecipeManager/]: Recipe hephaestus_tools:casting/compat/enderium/tough_binding can't be placed due to empty ingredients and will be ignored
[27set.2026 17:46:56.950] [Render thread/WARN] [net.minecraft.world.item.crafting.RecipeManager/]: Recipe hephaestus_tools:casting/compat/enderium/tough_handle can't be placed due to empty ingredients and will be ignored
[27set.2026 17:46:56.950] [Render thread/WARN] [net.minecraft.world.item.crafting.RecipeManager/]: Recipe hephaestus_tools:casting/compat/invar/adze_head can't be placed due to empty ingredients and will be ignored
[27set.2026 17:46:56.950] [Render thread/WARN] [net.minecraft.world.item.crafting.RecipeManager/]: Recipe hephaestus_tools:casting/compat/invar/broad_axe_head can't be placed due to empty ingredients and will be ignored
[27set.2026 17:46:56.950] [Render thread/WARN] [net.minecraft.world.item.crafting.RecipeManager/]: Recipe hephaestus_tools:casting/compat/invar/hammer_head can't be placed due to empty ingredients and will be ignored
[27set.2026 17:46:56.950] [Render thread/WARN] [net.minecraft.world.item.crafting.RecipeManager/]: Recipe hephaestus_tools:casting/compat/invar/large_blade can't be placed due to empty ingredients and will be ignored
[27set.2026 17:46:56.950] [Render thread/WARN] [net.minecraft.world.item.crafting.RecipeManager/]: Recipe hephaestus_tools:casting/compat/invar/large_plate can't be placed due to empty ingredients and will be ignored
[27set.2026 17:46:56.950] [Render thread/WARN] [net.minecraft.world.item.crafting.RecipeManager/]: Recipe hephaestus_tools:casting/compat/invar/pick_head can't be placed due to empty ingredients and will be ignored
[27set.2026 17:46:56.950] [Render thread/WARN] [net.minecraft.world.item.crafting.RecipeManager/]: Recipe hephaestus_tools:casting/compat/invar/small_axe_head can't be placed due to empty ingredients and will be ignored
[27set.2026 17:46:56.950] [Render thread/WARN] [net.minecraft.world.item.crafting.RecipeManager/]: Recipe hephaestus_tools:casting/compat/invar/small_blade can't be placed due to empty ingredients and will be ignored
[27set.2026 17:46:56.951] [Render thread/WARN] [net.minecraft.world.item.crafting.RecipeManager/]: Recipe hephaestus_tools:casting/compat/invar/tool_binding can't be placed due to empty ingredients and will be ignored
[27set.2026 17:46:56.951] [Render thread/WARN] [net.minecraft.world.item.crafting.RecipeManager/]: Recipe hephaestus_tools:casting/compat/invar/tool_handle can't be placed due to empty ingredients and will be ignored
[27set.2026 17:46:56.951] [Render thread/WARN] [net.minecraft.world.item.crafting.RecipeManager/]: Recipe hephaestus_tools:casting/compat/invar/tough_binding can't be placed due to empty ingredients and will be ignored
[27set.2026 17:46:56.951] [Render thread/WARN] [net.minecraft.world.item.crafting.RecipeManager/]: Recipe hephaestus_tools:casting/compat/invar/tough_handle can't be placed due to empty ingredients and will be ignored
[27set.2026 17:46:56.951] [Render thread/WARN] [net.minecraft.world.item.crafting.RecipeManager/]: Recipe hephaestus_tools:casting/compat/lead/adze_head can't be placed due to empty ingredients and will be ignored
[27set.2026 17:46:56.951] [Render thread/WARN] [net.minecraft.world.item.crafting.RecipeManager/]: Recipe hephaestus_tools:casting/compat/lead/broad_axe_head can't be placed due to empty ingredients and will be ignored
[27set.2026 17:46:56.951] [Render thread/WARN] [net.minecraft.world.item.crafting.RecipeManager/]: Recipe hephaestus_tools:casting/compat/lead/hammer_head can't be placed due to empty ingredients and will be ignored
[27set.2026 17:46:56.951] [Render thread/WARN] [net.minecraft.world.item.crafting.RecipeManager/]: Recipe hephaestus_tools:casting/compat/lead/large_blade can't be placed due to empty ingredients and will be ignored
[27set.2026 17:46:56.951] [Render thread/WARN] [net.minecraft.world.item.crafting.RecipeManager/]: Recipe hephaestus_tools:casting/compat/lead/large_plate can't be placed due to empty ingredients and will be ignored
[27set.2026 17:46:56.951] [Render thread/WARN] [net.minecraft.world.item.crafting.RecipeManager/]: Recipe hephaestus_tools:casting/compat/lead/pick_head can't be placed due to empty ingredients and will be ignored
[27set.2026 17:46:56.951] [Render thread/WARN] [net.minecraft.world.item.crafting.RecipeManager/]: Recipe hephaestus_tools:casting/compat/lead/small_axe_head can't be placed due to empty ingredients and will be ignored
[27set.2026 17:46:56.951] [Render thread/WARN] [net.minecraft.world.item.crafting.RecipeManager/]: Recipe hephaestus_tools:casting/compat/lead/small_blade can't be placed due to empty ingredients and will be ignored
[27set.2026 17:46:56.951] [Render thread/WARN] [net.minecraft.world.item.crafting.RecipeManager/]: Recipe hephaestus_tools:casting/compat/lead/tool_binding can't be placed due to empty ingredients and will be ignored
[27set.2026 17:46:56.951] [Render thread/WARN] [net.minecraft.world.item.crafting.RecipeManager/]: Recipe hephaestus_tools:casting/compat/lead/tool_handle can't be placed due to empty ingredients and will be ignored
[27set.2026 17:46:56.951] [Render thread/WARN] [net.minecraft.world.item.crafting.RecipeManager/]: Recipe hephaestus_tools:casting/compat/lead/tough_binding can't be placed due to empty ingredients and will be ignored
[27set.2026 17:46:56.951] [Render thread/WARN] [net.minecraft.world.item.crafting.RecipeManager/]: Recipe hephaestus_tools:casting/compat/lead/tough_handle can't be placed due to empty ingredients and will be ignored
[27set.2026 17:46:56.951] [Render thread/WARN] [net.minecraft.world.item.crafting.RecipeManager/]: Recipe hephaestus_tools:casting/compat/lumium/adze_head can't be placed due to empty ingredients and will be ignored
[27set.2026 17:46:56.951] [Render thread/WARN] [net.minecraft.world.item.crafting.RecipeManager/]: Recipe hephaestus_tools:casting/compat/lumium/broad_axe_head can't be placed due to empty ingredients and will be ignored
[27set.2026 17:46:56.951] [Render thread/WARN] [net.minecraft.world.item.crafting.RecipeManager/]: Recipe hephaestus_tools:casting/compat/lumium/hammer_head can't be placed due to empty ingredients and will be ignored
[27set.2026 17:46:56.951] [Render thread/WARN] [net.minecraft.world.item.crafting.RecipeManager/]: Recipe hephaestus_tools:casting/compat/lumium/large_blade can't be placed due to empty ingredients and will be ignored
[27set.2026 17:46:56.951] [Render thread/WARN] [net.minecraft.world.item.crafting.RecipeManager/]: Recipe hephaestus_tools:casting/compat/lumium/large_plate can't be placed due to empty ingredients and will be ignored
[27set.2026 17:46:56.952] [Render thread/WARN] [net.minecraft.world.item.crafting.RecipeManager/]: Recipe hephaestus_tools:casting/compat/lumium/pick_head can't be placed due to empty ingredients and will be ignored
[27set.2026 17:46:56.952] [Render thread/WARN] [net.minecraft.world.item.crafting.RecipeManager/]: Recipe hephaestus_tools:casting/compat/lumium/small_axe_head can't be placed due to empty ingredients and will be ignored
[27set.2026 17:46:56.952] [Render thread/WARN] [net.minecraft.world.item.crafting.RecipeManager/]: Recipe hephaestus_tools:casting/compat/lumium/small_blade can't be placed due to empty ingredients and will be ignored
[27set.2026 17:46:56.952] [Render thread/WARN] [net.minecraft.world.item.crafting.RecipeManager/]: Recipe hephaestus_tools:casting/compat/lumium/tool_binding can't be placed due to empty ingredients and will be ignored
[27set.2026 17:46:56.952] [Render thread/WARN] [net.minecraft.world.item.crafting.RecipeManager/]: Recipe hephaestus_tools:casting/compat/lumium/tool_handle can't be placed due to empty ingredients and will be ignored
[27set.2026 17:46:56.952] [Render thread/WARN] [net.minecraft.world.item.crafting.RecipeManager/]: Recipe hephaestus_tools:casting/compat/lumium/tough_binding can't be placed due to empty ingredients and will be ignored
[27set.2026 17:46:56.952] [Render thread/WARN] [net.minecraft.world.item.crafting.RecipeManager/]: Recipe hephaestus_tools:casting/compat/lumium/tough_handle can't be placed due to empty ingredients and will be ignored
[27set.2026 17:46:56.952] [Render thread/WARN] [net.minecraft.world.item.crafting.RecipeManager/]: Recipe hephaestus_tools:casting/compat/nickel/adze_head can't be placed due to empty ingredients and will be ignored
[27set.2026 17:46:56.952] [Render thread/WARN] [net.minecraft.world.item.crafting.RecipeManager/]: Recipe hephaestus_tools:casting/compat/nickel/broad_axe_head can't be placed due to empty ingredients and will be ignored
[27set.2026 17:46:56.952] [Render thread/WARN] [net.minecraft.world.item.crafting.RecipeManager/]: Recipe hephaestus_tools:casting/compat/nickel/hammer_head can't be placed due to empty ingredients and will be ignored
[27set.2026 17:46:56.952] [Render thread/WARN] [net.minecraft.world.item.crafting.RecipeManager/]: Recipe hephaestus_tools:casting/compat/nickel/large_blade can't be placed due to empty ingredients and will be ignored
[27set.2026 17:46:56.952] [Render thread/WARN] [net.minecraft.world.item.crafting.RecipeManager/]: Recipe hephaestus_tools:casting/compat/nickel/large_plate can't be placed due to empty ingredients and will be ignored
[27set.2026 17:46:56.952] [Render thread/WARN] [net.minecraft.world.item.crafting.RecipeManager/]: Recipe hephaestus_tools:casting/compat/nickel/pick_head can't be placed due to empty ingredients and will be ignored
[27set.2026 17:46:56.952] [Render thread/WARN] [net.minecraft.world.item.crafting.RecipeManager/]: Recipe hephaestus_tools:casting/compat/nickel/small_axe_head can't be placed due to empty ingredients and will be ignored
[27set.2026 17:46:56.952] [Render thread/WARN] [net.minecraft.world.item.crafting.RecipeManager/]: Recipe hephaestus_tools:casting/compat/nickel/small_blade can't be placed due to empty ingredients and will be ignored
[27set.2026 17:46:56.952] [Render thread/WARN] [net.minecraft.world.item.crafting.RecipeManager/]: Recipe hephaestus_tools:casting/compat/nickel/tool_binding can't be placed due to empty ingredients and will be ignored
[27set.2026 17:46:56.952] [Render thread/WARN] [net.minecraft.world.item.crafting.RecipeManager/]: Recipe hephaestus_tools:casting/compat/nickel/tool_handle can't be placed due to empty ingredients and will be ignored
[27set.2026 17:46:56.953] [Render thread/WARN] [net.minecraft.world.item.crafting.RecipeManager/]: Recipe hephaestus_tools:casting/compat/nickel/tough_binding can't be placed due to empty ingredients and will be ignored
[27set.2026 17:46:56.953] [Render thread/WARN] [net.minecraft.world.item.crafting.RecipeManager/]: Recipe hephaestus_tools:casting/compat/nickel/tough_handle can't be placed due to empty ingredients and will be ignored
[27set.2026 17:46:56.953] [Render thread/WARN] [net.minecraft.world.item.crafting.RecipeManager/]: Recipe hephaestus_tools:casting/compat/osmium/adze_head can't be placed due to empty ingredients and will be ignored
[27set.2026 17:46:56.953] [Render thread/WARN] [net.minecraft.world.item.crafting.RecipeManager/]: Recipe hephaestus_tools:casting/compat/osmium/broad_axe_head can't be placed due to empty ingredients and will be ignored
[27set.2026 17:46:56.953] [Render thread/WARN] [net.minecraft.world.item.crafting.RecipeManager/]: Recipe hephaestus_tools:casting/compat/osmium/hammer_head can't be placed due to empty ingredients and will be ignored
[27set.2026 17:46:56.953] [Render thread/WARN] [net.minecraft.world.item.crafting.RecipeManager/]: Recipe hephaestus_tools:casting/compat/osmium/large_blade can't be placed due to empty ingredients and will be ignored
[27set.2026 17:46:56.953] [Render thread/WARN] [net.minecraft.world.item.crafting.RecipeManager/]: Recipe hephaestus_tools:casting/compat/osmium/large_plate can't be placed due to empty ingredients and will be ignored
[27set.2026 17:46:56.953] [Render thread/WARN] [net.minecraft.world.item.crafting.RecipeManager/]: Recipe hephaestus_tools:casting/compat/osmium/pick_head can't be placed due to empty ingredients and will be ignored
[27set.2026 17:46:56.953] [Render thread/WARN] [net.minecraft.world.item.crafting.RecipeManager/]: Recipe hephaestus_tools:casting/compat/osmium/small_axe_head can't be placed due to empty ingredients and will be ignored
[27set.2026 17:46:56.953] [Render thread/WARN] [net.minecraft.world.item.crafting.RecipeManager/]: Recipe hephaestus_tools:casting/compat/osmium/small_blade can't be placed due to empty ingredients and will be ignored
[27set.2026 17:46:56.953] [Render thread/WARN] [net.minecraft.world.item.crafting.RecipeManager/]: Recipe hephaestus_tools:casting/compat/osmium/tool_binding can't be placed due to empty ingredients and will be ignored
[27set.2026 17:46:56.953] [Render thread/WARN] [net.minecraft.world.item.crafting.RecipeManager/]: Recipe hephaestus_tools:casting/compat/osmium/tool_handle can't be placed due to empty ingredients and will be ignored
[27set.2026 17:46:56.953] [Render thread/WARN] [net.minecraft.world.item.crafting.RecipeManager/]: Recipe hephaestus_tools:casting/compat/osmium/tough_binding can't be placed due to empty ingredients and will be ignored
[27set.2026 17:46:56.953] [Render thread/WARN] [net.minecraft.world.item.crafting.RecipeManager/]: Recipe hephaestus_tools:casting/compat/osmium/tough_handle can't be placed due to empty ingredients and will be ignored
[27set.2026 17:46:56.953] [Render thread/WARN] [net.minecraft.world.item.crafting.RecipeManager/]: Recipe hephaestus_tools:casting/compat/platinum/adze_head can't be placed due to empty ingredients and will be ignored
[27set.2026 17:46:56.953] [Render thread/WARN] [net.minecraft.world.item.crafting.RecipeManager/]: Recipe hephaestus_tools:casting/compat/platinum/broad_axe_head can't be placed due to empty ingredients and will be ignored
[27set.2026 17:46:56.953] [Render thread/WARN] [net.minecraft.world.item.crafting.RecipeManager/]: Recipe hephaestus_tools:casting/compat/platinum/hammer_head can't be placed due to empty ingredients and will be ignored
[27set.2026 17:46:56.953] [Render thread/WARN] [net.minecraft.world.item.crafting.RecipeManager/]: Recipe hephaestus_tools:casting/compat/platinum/large_blade can't be placed due to empty ingredients and will be ignored
[27set.2026 17:46:56.953] [Render thread/WARN] [net.minecraft.world.item.crafting.RecipeManager/]: Recipe hephaestus_tools:casting/compat/platinum/large_plate can't be placed due to empty ingredients and will be ignored
[27set.2026 17:46:56.953] [Render thread/WARN] [net.minecraft.world.item.crafting.RecipeManager/]: Recipe hephaestus_tools:casting/compat/platinum/pick_head can't be placed due to empty ingredients and will be ignored
[27set.2026 17:46:56.953] [Render thread/WARN] [net.minecraft.world.item.crafting.RecipeManager/]: Recipe hephaestus_tools:casting/compat/platinum/small_axe_head can't be placed due to empty ingredients and will be ignored
[27set.2026 17:46:56.953] [Render thread/WARN] [net.minecraft.world.item.crafting.RecipeManager/]: Recipe hephaestus_tools:casting/compat/platinum/small_blade can't be placed due to empty ingredients and will be ignored
[27set.2026 17:46:56.953] [Render thread/WARN] [net.minecraft.world.item.crafting.RecipeManager/]: Recipe hephaestus_tools:casting/compat/platinum/tool_binding can't be placed due to empty ingredients and will be ignored
[27set.2026 17:46:56.953] [Render thread/WARN] [net.minecraft.world.item.crafting.RecipeManager/]: Recipe hephaestus_tools:casting/compat/platinum/tool_handle can't be placed due to empty ingredients and will be ignored
[27set.2026 17:46:56.954] [Render thread/WARN] [net.minecraft.world.item.crafting.RecipeManager/]: Recipe hephaestus_tools:casting/compat/platinum/tough_binding can't be placed due to empty ingredients and will be ignored
[27set.2026 17:46:56.954] [Render thread/WARN] [net.minecraft.world.item.crafting.RecipeManager/]: Recipe hephaestus_tools:casting/compat/platinum/tough_handle can't be placed due to empty ingredients and will be ignored
[27set.2026 17:46:56.954] [Render thread/WARN] [net.minecraft.world.item.crafting.RecipeManager/]: Recipe hephaestus_tools:casting/compat/signalum/adze_head can't be placed due to empty ingredients and will be ignored
[27set.2026 17:46:56.954] [Render thread/WARN] [net.minecraft.world.item.crafting.RecipeManager/]: Recipe hephaestus_tools:casting/compat/signalum/broad_axe_head can't be placed due to empty ingredients and will be ignored
[27set.2026 17:46:56.954] [Render thread/WARN] [net.minecraft.world.item.crafting.RecipeManager/]: Recipe hephaestus_tools:casting/compat/signalum/hammer_head can't be placed due to empty ingredients and will be ignored
[27set.2026 17:46:56.954] [Render thread/WARN] [net.minecraft.world.item.crafting.RecipeManager/]: Recipe hephaestus_tools:casting/compat/signalum/large_blade can't be placed due to empty ingredients and will be ignored
[27set.2026 17:46:56.954] [Render thread/WARN] [net.minecraft.world.item.crafting.RecipeManager/]: Recipe hephaestus_tools:casting/compat/signalum/large_plate can't be placed due to empty ingredients and will be ignored
[27set.2026 17:46:56.954] [Render thread/WARN] [net.minecraft.world.item.crafting.RecipeManager/]: Recipe hephaestus_tools:casting/compat/signalum/pick_head can't be placed due to empty ingredients and will be ignored
[27set.2026 17:46:56.954] [Render thread/WARN] [net.minecraft.world.item.crafting.RecipeManager/]: Recipe hephaestus_tools:casting/compat/signalum/small_axe_head can't be placed due to empty ingredients and will be ignored
[27set.2026 17:46:56.954] [Render thread/WARN] [net.minecraft.world.item.crafting.RecipeManager/]: Recipe hephaestus_tools:casting/compat/signalum/small_blade can't be placed due to empty ingredients and will be ignored
[27set.2026 17:46:56.954] [Render thread/WARN] [net.minecraft.world.item.crafting.RecipeManager/]: Recipe hephaestus_tools:casting/compat/signalum/tool_binding can't be placed due to empty ingredients and will be ignored
[27set.2026 17:46:56.954] [Render thread/WARN] [net.minecraft.world.item.crafting.RecipeManager/]: Recipe hephaestus_tools:casting/compat/signalum/tool_handle can't be placed due to empty ingredients and will be ignored
[27set.2026 17:46:56.954] [Render thread/WARN] [net.minecraft.world.item.crafting.RecipeManager/]: Recipe hephaestus_tools:casting/compat/signalum/tough_binding can't be placed due to empty ingredients and will be ignored
[27set.2026 17:46:56.954] [Render thread/WARN] [net.minecraft.world.item.crafting.RecipeManager/]: Recipe hephaestus_tools:casting/compat/signalum/tough_handle can't be placed due to empty ingredients and will be ignored
[27set.2026 17:46:56.954] [Render thread/WARN] [net.minecraft.world.item.crafting.RecipeManager/]: Recipe hephaestus_tools:casting/compat/silver/adze_head can't be placed due to empty ingredients and will be ignored
[27set.2026 17:46:56.954] [Render thread/WARN] [net.minecraft.world.item.crafting.RecipeManager/]: Recipe hephaestus_tools:casting/compat/silver/broad_axe_head can't be placed due to empty ingredients and will be ignored
[27set.2026 17:46:56.954] [Render thread/WARN] [net.minecraft.world.item.crafting.RecipeManager/]: Recipe hephaestus_tools:casting/compat/silver/hammer_head can't be placed due to empty ingredients and will be ignored
[27set.2026 17:46:56.954] [Render thread/WARN] [net.minecraft.world.item.crafting.RecipeManager/]: Recipe hephaestus_tools:casting/compat/silver/large_blade can't be placed due to empty ingredients and will be ignored
[27set.2026 17:46:56.954] [Render thread/WARN] [net.minecraft.world.item.crafting.RecipeManager/]: Recipe hephaestus_tools:casting/compat/silver/large_plate can't be placed due to empty ingredients and will be ignored
[27set.2026 17:46:56.954] [Render thread/WARN] [net.minecraft.world.item.crafting.RecipeManager/]: Recipe hephaestus_tools:casting/compat/silver/pick_head can't be placed due to empty ingredients and will be ignored
[27set.2026 17:46:56.954] [Render thread/WARN] [net.minecraft.world.item.crafting.RecipeManager/]: Recipe hephaestus_tools:casting/compat/silver/small_axe_head can't be placed due to empty ingredients and will be ignored
[27set.2026 17:46:56.954] [Render thread/WARN] [net.minecraft.world.item.crafting.RecipeManager/]: Recipe hephaestus_tools:casting/compat/silver/small_blade can't be placed due to empty ingredients and will be ignored
[27set.2026 17:46:56.954] [Render thread/WARN] [net.minecraft.world.item.crafting.RecipeManager/]: Recipe hephaestus_tools:casting/compat/silver/tool_binding can't be placed due to empty ingredients and will be ignored
[27set.2026 17:46:56.954] [Render thread/WARN] [net.minecraft.world.item.crafting.RecipeManager/]: Recipe hephaestus_tools:casting/compat/silver/tool_handle can't be placed due to empty ingredients and will be ignored
[27set.2026 17:46:56.954] [Render thread/WARN] [net.minecraft.world.item.crafting.RecipeManager/]: Recipe hephaestus_tools:casting/compat/silver/tough_binding can't be placed due to empty ingredients and will be ignored
[27set.2026 17:46:56.954] [Render thread/WARN] [net.minecraft.world.item.crafting.RecipeManager/]: Recipe hephaestus_tools:casting/compat/silver/tough_handle can't be placed due to empty ingredients and will be ignored
[27set.2026 17:46:56.954] [Render thread/WARN] [net.minecraft.world.item.crafting.RecipeManager/]: Recipe hephaestus_tools:casting/compat/tin/adze_head can't be placed due to empty ingredients and will be ignored
[27set.2026 17:46:56.954] [Render thread/WARN] [net.minecraft.world.item.crafting.RecipeManager/]: Recipe hephaestus_tools:casting/compat/tin/broad_axe_head can't be placed due to empty ingredients and will be ignored
[27set.2026 17:46:56.955] [Render thread/WARN] [net.minecraft.world.item.crafting.RecipeManager/]: Recipe hephaestus_tools:casting/compat/tin/hammer_head can't be placed due to empty ingredients and will be ignored
[27set.2026 17:46:56.955] [Render thread/WARN] [net.minecraft.world.item.crafting.RecipeManager/]: Recipe hephaestus_tools:casting/compat/tin/large_blade can't be placed due to empty ingredients and will be ignored
[27set.2026 17:46:56.955] [Render thread/WARN] [net.minecraft.world.item.crafting.RecipeManager/]: Recipe hephaestus_tools:casting/compat/tin/large_plate can't be placed due to empty ingredients and will be ignored
[27set.2026 17:46:56.955] [Render thread/WARN] [net.minecraft.world.item.crafting.RecipeManager/]: Recipe hephaestus_tools:casting/compat/tin/pick_head can't be placed due to empty ingredients and will be ignored
[27set.2026 17:46:56.955] [Render thread/WARN] [net.minecraft.world.item.crafting.RecipeManager/]: Recipe hephaestus_tools:casting/compat/tin/small_axe_head can't be placed due to empty ingredients and will be ignored
[27set.2026 17:46:56.956] [Render thread/WARN] [net.minecraft.world.item.crafting.RecipeManager/]: Recipe hephaestus_tools:casting/compat/tin/small_blade can't be placed due to empty ingredients and will be ignored
[27set.2026 17:46:56.956] [Render thread/WARN] [net.minecraft.world.item.crafting.RecipeManager/]: Recipe hephaestus_tools:casting/compat/tin/tool_binding can't be placed due to empty ingredients and will be ignored
[27set.2026 17:46:56.956] [Render thread/WARN] [net.minecraft.world.item.crafting.RecipeManager/]: Recipe hephaestus_tools:casting/compat/tin/tool_handle can't be placed due to empty ingredients and will be ignored
[27set.2026 17:46:56.956] [Render thread/WARN] [net.minecraft.world.item.crafting.RecipeManager/]: Recipe hephaestus_tools:casting/compat/tin/tough_binding can't be placed due to empty ingredients and will be ignored
[27set.2026 17:46:56.956] [Render thread/WARN] [net.minecraft.world.item.crafting.RecipeManager/]: Recipe hephaestus_tools:casting/compat/tin/tough_handle can't be placed due to empty ingredients and will be ignored
[27set.2026 17:46:56.956] [Render thread/WARN] [net.minecraft.world.item.crafting.RecipeManager/]: Recipe hephaestus_tools:casting/compat/uranium/adze_head can't be placed due to empty ingredients and will be ignored
[27set.2026 17:46:56.956] [Render thread/WARN] [net.minecraft.world.item.crafting.RecipeManager/]: Recipe hephaestus_tools:casting/compat/uranium/broad_axe_head can't be placed due to empty ingredients and will be ignored
[27set.2026 17:46:56.956] [Render thread/WARN] [net.minecraft.world.item.crafting.RecipeManager/]: Recipe hephaestus_tools:casting/compat/uranium/hammer_head can't be placed due to empty ingredients and will be ignored
[27set.2026 17:46:56.956] [Render thread/WARN] [net.minecraft.world.item.crafting.RecipeManager/]: Recipe hephaestus_tools:casting/compat/uranium/large_blade can't be placed due to empty ingredients and will be ignored
[27set.2026 17:46:56.956] [Render thread/WARN] [net.minecraft.world.item.crafting.RecipeManager/]: Recipe hephaestus_tools:casting/compat/uranium/large_plate can't be placed due to empty ingredients and will be ignored
[27set.2026 17:46:56.956] [Render thread/WARN] [net.minecraft.world.item.crafting.RecipeManager/]: Recipe hephaestus_tools:casting/compat/uranium/pick_head can't be placed due to empty ingredients and will be ignored
[27set.2026 17:46:56.956] [Render thread/WARN] [net.minecraft.world.item.crafting.RecipeManager/]: Recipe hephaestus_tools:casting/compat/uranium/small_axe_head can't be placed due to empty ingredients and will be ignored
[27set.2026 17:46:56.956] [Render thread/WARN] [net.minecraft.world.item.crafting.RecipeManager/]: Recipe hephaestus_tools:casting/compat/uranium/small_blade can't be placed due to empty ingredients and will be ignored
[27set.2026 17:46:56.956] [Render thread/WARN] [net.minecraft.world.item.crafting.RecipeManager/]: Recipe hephaestus_tools:casting/compat/uranium/tool_binding can't be placed due to empty ingredients and will be ignored
[27set.2026 17:46:56.956] [Render thread/WARN] [net.minecraft.world.item.crafting.RecipeManager/]: Recipe hephaestus_tools:casting/compat/uranium/tool_handle can't be placed due to empty ingredients and will be ignored
[27set.2026 17:46:56.956] [Render thread/WARN] [net.minecraft.world.item.crafting.RecipeManager/]: Recipe hephaestus_tools:casting/compat/uranium/tough_binding can't be placed due to empty ingredients and will be ignored
[27set.2026 17:46:56.956] [Render thread/WARN] [net.minecraft.world.item.crafting.RecipeManager/]: Recipe hephaestus_tools:casting/compat/uranium/tough_handle can't be placed due to empty ingredients and will be ignored
[27set.2026 17:46:56.956] [Render thread/WARN] [net.minecraft.world.item.crafting.RecipeManager/]: Recipe hephaestus_tools:casting/compat/zinc/adze_head can't be placed due to empty ingredients and will be ignored
[27set.2026 17:46:56.956] [Render thread/WARN] [net.minecraft.world.item.crafting.RecipeManager/]: Recipe hephaestus_tools:casting/compat/zinc/broad_axe_head can't be placed due to empty ingredients and will be ignored
[27set.2026 17:46:56.956] [Render thread/WARN] [net.minecraft.world.item.crafting.RecipeManager/]: Recipe hephaestus_tools:casting/compat/zinc/hammer_head can't be placed due to empty ingredients and will be ignored
[27set.2026 17:46:56.956] [Render thread/WARN] [net.minecraft.world.item.crafting.RecipeManager/]: Recipe hephaestus_tools:casting/compat/zinc/large_blade can't be placed due to empty ingredients and will be ignored
[27set.2026 17:46:56.956] [Render thread/WARN] [net.minecraft.world.item.crafting.RecipeManager/]: Recipe hephaestus_tools:casting/compat/zinc/large_plate can't be placed due to empty ingredients and will be ignored
[27set.2026 17:46:56.956] [Render thread/WARN] [net.minecraft.world.item.crafting.RecipeManager/]: Recipe hephaestus_tools:casting/compat/zinc/pick_head can't be placed due to empty ingredients and will be ignored
[27set.2026 17:46:56.956] [Render thread/WARN] [net.minecraft.world.item.crafting.RecipeManager/]: Recipe hephaestus_tools:casting/compat/zinc/small_axe_head can't be placed due to empty ingredients and will be ignored
[27set.2026 17:46:56.957] [Render thread/WARN] [net.minecraft.world.item.crafting.RecipeManager/]: Recipe hephaestus_tools:casting/compat/zinc/small_blade can't be placed due to empty ingredients and will be ignored
[27set.2026 17:46:56.957] [Render thread/WARN] [net.minecraft.world.item.crafting.RecipeManager/]: Recipe hephaestus_tools:casting/compat/zinc/tool_binding can't be placed due to empty ingredients and will be ignored
[27set.2026 17:46:56.957] [Render thread/WARN] [net.minecraft.world.item.crafting.RecipeManager/]: Recipe hephaestus_tools:casting/compat/zinc/tool_handle can't be placed due to empty ingredients and will be ignored
[27set.2026 17:46:56.957] [Render thread/WARN] [net.minecraft.world.item.crafting.RecipeManager/]: Recipe hephaestus_tools:casting/compat/zinc/tough_binding can't be placed due to empty ingredients and will be ignored
[27set.2026 17:46:56.957] [Render thread/WARN] [net.minecraft.world.item.crafting.RecipeManager/]: Recipe hephaestus_tools:casting/compat/zinc/tough_handle can't be placed due to empty ingredients and will be ignored
[27set.2026 17:46:56.957] [Render thread/WARN] [net.minecraft.world.item.crafting.RecipeManager/]: Recipe hephaestus_tools:casting/copper/adze_head can't be placed due to empty ingredients and will be ignored
[27set.2026 17:46:56.957] [Render thread/WARN] [net.minecraft.world.item.crafting.RecipeManager/]: Recipe hephaestus_tools:casting/copper/broad_axe_head can't be placed due to empty ingredients and will be ignored
[27set.2026 17:46:56.957] [Render thread/WARN] [net.minecraft.world.item.crafting.RecipeManager/]: Recipe hephaestus_tools:casting/copper/hammer_head can't be placed due to empty ingredients and will be ignored
[27set.2026 17:46:56.957] [Render thread/WARN] [net.minecraft.world.item.crafting.RecipeManager/]: Recipe hephaestus_tools:casting/copper/large_blade can't be placed due to empty ingredients and will be ignored
[27set.2026 17:46:56.957] [Render thread/WARN] [net.minecraft.world.item.crafting.RecipeManager/]: Recipe hephaestus_tools:casting/copper/large_plate can't be placed due to empty ingredients and will be ignored
[27set.2026 17:46:56.957] [Render thread/WARN] [net.minecraft.world.item.crafting.RecipeManager/]: Recipe hephaestus_tools:casting/copper/pick_head can't be placed due to empty ingredients and will be ignored
[27set.2026 17:46:56.957] [Render thread/WARN] [net.minecraft.world.item.crafting.RecipeManager/]: Recipe hephaestus_tools:casting/copper/small_axe_head can't be placed due to empty ingredients and will be ignored
[27set.2026 17:46:56.957] [Render thread/WARN] [net.minecraft.world.item.crafting.RecipeManager/]: Recipe hephaestus_tools:casting/copper/small_blade can't be placed due to empty ingredients and will be ignored
[27set.2026 17:46:56.957] [Render thread/WARN] [net.minecraft.world.item.crafting.RecipeManager/]: Recipe hephaestus_tools:casting/copper/tool_binding can't be placed due to empty ingredients and will be ignored
[27set.2026 17:46:56.957] [Render thread/WARN] [net.minecraft.world.item.crafting.RecipeManager/]: Recipe hephaestus_tools:casting/copper/tool_handle can't be placed due to empty ingredients and will be ignored
[27set.2026 17:46:56.957] [Render thread/WARN] [net.minecraft.world.item.crafting.RecipeManager/]: Recipe hephaestus_tools:casting/copper/tough_binding can't be placed due to empty ingredients and will be ignored
[27set.2026 17:46:56.957] [Render thread/WARN] [net.minecraft.world.item.crafting.RecipeManager/]: Recipe hephaestus_tools:casting/copper/tough_handle can't be placed due to empty ingredients and will be ignored
[27set.2026 17:46:56.957] [Render thread/WARN] [net.minecraft.world.item.crafting.RecipeManager/]: Recipe hephaestus_tools:casting/iron/adze_head can't be placed due to empty ingredients and will be ignored
[27set.2026 17:46:56.957] [Render thread/WARN] [net.minecraft.world.item.crafting.RecipeManager/]: Recipe hephaestus_tools:casting/iron/broad_axe_head can't be placed due to empty ingredients and will be ignored
[27set.2026 17:46:56.957] [Render thread/WARN] [net.minecraft.world.item.crafting.RecipeManager/]: Recipe hephaestus_tools:casting/iron/hammer_head can't be placed due to empty ingredients and will be ignored
[27set.2026 17:46:56.957] [Render thread/WARN] [net.minecraft.world.item.crafting.RecipeManager/]: Recipe hephaestus_tools:casting/iron/large_blade can't be placed due to empty ingredients and will be ignored
[27set.2026 17:46:56.957] [Render thread/WARN] [net.minecraft.world.item.crafting.RecipeManager/]: Recipe hephaestus_tools:casting/iron/large_plate can't be placed due to empty ingredients and will be ignored
[27set.2026 17:46:56.957] [Render thread/WARN] [net.minecraft.world.item.crafting.RecipeManager/]: Recipe hephaestus_tools:casting/iron/pick_head can't be placed due to empty ingredients and will be ignored
[27set.2026 17:46:56.957] [Render thread/WARN] [net.minecraft.world.item.crafting.RecipeManager/]: Recipe hephaestus_tools:casting/iron/small_axe_head can't be placed due to empty ingredients and will be ignored
[27set.2026 17:46:56.957] [Render thread/WARN] [net.minecraft.world.item.crafting.RecipeManager/]: Recipe hephaestus_tools:casting/iron/small_blade can't be placed due to empty ingredients and will be ignored
[27set.2026 17:46:56.957] [Render thread/WARN] [net.minecraft.world.item.crafting.RecipeManager/]: Recipe hephaestus_tools:casting/iron/tool_binding can't be placed due to empty ingredients and will be ignored
[27set.2026 17:46:56.957] [Render thread/WARN] [net.minecraft.world.item.crafting.RecipeManager/]: Recipe hephaestus_tools:casting/iron/tool_handle can't be placed due to empty ingredients and will be ignored
[27set.2026 17:46:56.957] [Render thread/WARN] [net.minecraft.world.item.crafting.RecipeManager/]: Recipe hephaestus_tools:casting/iron/tough_binding can't be placed due to empty ingredients and will be ignored
[27set.2026 17:46:56.957] [Render thread/WARN] [net.minecraft.world.item.crafting.RecipeManager/]: Recipe hephaestus_tools:casting/iron/tough_handle can't be placed due to empty ingredients and will be ignored
[27set.2026 17:46:56.959] [Render thread/WARN] [net.minecraft.world.item.crafting.RecipeManager/]: Recipe hephaestus:entity_melting/blaze can't be placed due to empty ingredients and will be ignored
[27set.2026 17:46:56.959] [Render thread/WARN] [net.minecraft.world.item.crafting.RecipeManager/]: Recipe hephaestus:entity_melting/magma_cube can't be placed due to empty ingredients and will be ignored
[27set.2026 17:46:56.961] [Render thread/WARN] [net.minecraft.world.item.crafting.RecipeManager/]: Recipe hephaestus_tools:melting/compat/aluminum/adze_head can't be placed due to empty ingredients and will be ignored
[27set.2026 17:46:56.961] [Render thread/WARN] [net.minecraft.world.item.crafting.RecipeManager/]: Recipe hephaestus_tools:melting/compat/aluminum/broad_axe_head can't be placed due to empty ingredients and will be ignored
[27set.2026 17:46:56.961] [Render thread/WARN] [net.minecraft.world.item.crafting.RecipeManager/]: Recipe hephaestus_tools:melting/compat/aluminum/hammer_head can't be placed due to empty ingredients and will be ignored
[27set.2026 17:46:56.961] [Render thread/WARN] [net.minecraft.world.item.crafting.RecipeManager/]: Recipe hephaestus_tools:melting/compat/aluminum/large_blade can't be placed due to empty ingredients and will be ignored
[27set.2026 17:46:56.961] [Render thread/WARN] [net.minecraft.world.item.crafting.RecipeManager/]: Recipe hephaestus_tools:melting/compat/aluminum/large_plate can't be placed due to empty ingredients and will be ignored
[27set.2026 17:46:56.961] [Render thread/WARN] [net.minecraft.world.item.crafting.RecipeManager/]: Recipe hephaestus_tools:melting/compat/aluminum/pick_head can't be placed due to empty ingredients and will be ignored
[27set.2026 17:46:56.961] [Render thread/WARN] [net.minecraft.world.item.crafting.RecipeManager/]: Recipe hephaestus_tools:melting/compat/aluminum/small_axe_head can't be placed due to empty ingredients and will be ignored
[27set.2026 17:46:56.961] [Render thread/WARN] [net.minecraft.world.item.crafting.RecipeManager/]: Recipe hephaestus_tools:melting/compat/aluminum/small_blade can't be placed due to empty ingredients and will be ignored
[27set.2026 17:46:56.961] [Render thread/WARN] [net.minecraft.world.item.crafting.RecipeManager/]: Recipe hephaestus_tools:melting/compat/aluminum/tool_binding can't be placed due to empty ingredients and will be ignored
[27set.2026 17:46:56.961] [Render thread/WARN] [net.minecraft.world.item.crafting.RecipeManager/]: Recipe hephaestus_tools:melting/compat/aluminum/tool_handle can't be placed due to empty ingredients and will be ignored
[27set.2026 17:46:56.961] [Render thread/WARN] [net.minecraft.world.item.crafting.RecipeManager/]: Recipe hephaestus_tools:melting/compat/aluminum/tough_binding can't be placed due to empty ingredients and will be ignored
[27set.2026 17:46:56.961] [Render thread/WARN] [net.minecraft.world.item.crafting.RecipeManager/]: Recipe hephaestus_tools:melting/compat/aluminum/tough_handle can't be placed due to empty ingredients and will be ignored
[27set.2026 17:46:56.961] [Render thread/WARN] [net.minecraft.world.item.crafting.RecipeManager/]: Recipe hephaestus_tools:melting/compat/brass/adze_head can't be placed due to empty ingredients and will be ignored
[27set.2026 17:46:56.962] [Render thread/WARN] [net.minecraft.world.item.crafting.RecipeManager/]: Recipe hephaestus_tools:melting/compat/brass/broad_axe_head can't be placed due to empty ingredients and will be ignored
[27set.2026 17:46:56.962] [Render thread/WARN] [net.minecraft.world.item.crafting.RecipeManager/]: Recipe hephaestus_tools:melting/compat/brass/hammer_head can't be placed due to empty ingredients and will be ignored
[27set.2026 17:46:56.962] [Render thread/WARN] [net.minecraft.world.item.crafting.RecipeManager/]: Recipe hephaestus_tools:melting/compat/brass/large_blade can't be placed due to empty ingredients and will be ignored
[27set.2026 17:46:56.962] [Render thread/WARN] [net.minecraft.world.item.crafting.RecipeManager/]: Recipe hephaestus_tools:melting/compat/brass/large_plate can't be placed due to empty ingredients and will be ignored
[27set.2026 17:46:56.962] [Render thread/WARN] [net.minecraft.world.item.crafting.RecipeManager/]: Recipe hephaestus_tools:melting/compat/brass/pick_head can't be placed due to empty ingredients and will be ignored
[27set.2026 17:46:56.962] [Render thread/WARN] [net.minecraft.world.item.crafting.RecipeManager/]: Recipe hephaestus_tools:melting/compat/brass/small_axe_head can't be placed due to empty ingredients and will be ignored
[27set.2026 17:46:56.962] [Render thread/WARN] [net.minecraft.world.item.crafting.RecipeManager/]: Recipe hephaestus_tools:melting/compat/brass/small_blade can't be placed due to empty ingredients and will be ignored
[27set.2026 17:46:56.962] [Render thread/WARN] [net.minecraft.world.item.crafting.RecipeManager/]: Recipe hephaestus_tools:melting/compat/brass/tool_binding can't be placed due to empty ingredients and will be ignored
[27set.2026 17:46:56.962] [Render thread/WARN] [net.minecraft.world.item.crafting.RecipeManager/]: Recipe hephaestus_tools:melting/compat/brass/tool_handle can't be placed due to empty ingredients and will be ignored
[27set.2026 17:46:56.962] [Render thread/WARN] [net.minecraft.world.item.crafting.RecipeManager/]: Recipe hephaestus_tools:melting/compat/brass/tough_binding can't be placed due to empty ingredients and will be ignored
[27set.2026 17:46:56.962] [Render thread/WARN] [net.minecraft.world.item.crafting.RecipeManager/]: Recipe hephaestus_tools:melting/compat/brass/tough_handle can't be placed due to empty ingredients and will be ignored
[27set.2026 17:46:56.962] [Render thread/WARN] [net.minecraft.world.item.crafting.RecipeManager/]: Recipe hephaestus_tools:melting/compat/bronze/adze_head can't be placed due to empty ingredients and will be ignored
[27set.2026 17:46:56.962] [Render thread/WARN] [net.minecraft.world.item.crafting.RecipeManager/]: Recipe hephaestus_tools:melting/compat/bronze/broad_axe_head can't be placed due to empty ingredients and will be ignored
[27set.2026 17:46:56.962] [Render thread/WARN] [net.minecraft.world.item.crafting.RecipeManager/]: Recipe hephaestus_tools:melting/compat/bronze/hammer_head can't be placed due to empty ingredients and will be ignored
[27set.2026 17:46:56.962] [Render thread/WARN] [net.minecraft.world.item.crafting.RecipeManager/]: Recipe hephaestus_tools:melting/compat/bronze/large_blade can't be placed due to empty ingredients and will be ignored
[27set.2026 17:46:56.962] [Render thread/WARN] [net.minecraft.world.item.crafting.RecipeManager/]: Recipe hephaestus_tools:melting/compat/bronze/large_plate can't be placed due to empty ingredients and will be ignored
[27set.2026 17:46:56.962] [Render thread/WARN] [net.minecraft.world.item.crafting.RecipeManager/]: Recipe hephaestus_tools:melting/compat/bronze/pick_head can't be placed due to empty ingredients and will be ignored
[27set.2026 17:46:56.962] [Render thread/WARN] [net.minecraft.world.item.crafting.RecipeManager/]: Recipe hephaestus_tools:melting/compat/bronze/small_axe_head can't be placed due to empty ingredients and will be ignored
[27set.2026 17:46:56.962] [Render thread/WARN] [net.minecraft.world.item.crafting.RecipeManager/]: Recipe hephaestus_tools:melting/compat/bronze/small_blade can't be placed due to empty ingredients and will be ignored
[27set.2026 17:46:56.962] [Render thread/WARN] [net.minecraft.world.item.crafting.RecipeManager/]: Recipe hephaestus_tools:melting/compat/bronze/tool_binding can't be placed due to empty ingredients and will be ignored
[27set.2026 17:46:56.962] [Render thread/WARN] [net.minecraft.world.item.crafting.RecipeManager/]: Recipe hephaestus_tools:melting/compat/bronze/tool_handle can't be placed due to empty ingredients and will be ignored
[27set.2026 17:46:56.963] [Render thread/WARN] [net.minecraft.world.item.crafting.RecipeManager/]: Recipe hephaestus_tools:melting/compat/bronze/tough_binding can't be placed due to empty ingredients and will be ignored
[27set.2026 17:46:56.963] [Render thread/WARN] [net.minecraft.world.item.crafting.RecipeManager/]: Recipe hephaestus_tools:melting/compat/bronze/tough_handle can't be placed due to empty ingredients and will be ignored
[27set.2026 17:46:56.963] [Render thread/WARN] [net.minecraft.world.item.crafting.RecipeManager/]: Recipe hephaestus_tools:melting/compat/constantan/adze_head can't be placed due to empty ingredients and will be ignored
[27set.2026 17:46:56.963] [Render thread/WARN] [net.minecraft.world.item.crafting.RecipeManager/]: Recipe hephaestus_tools:melting/compat/constantan/broad_axe_head can't be placed due to empty ingredients and will be ignored
[27set.2026 17:46:56.963] [Render thread/WARN] [net.minecraft.world.item.crafting.RecipeManager/]: Recipe hephaestus_tools:melting/compat/constantan/hammer_head can't be placed due to empty ingredients and will be ignored
[27set.2026 17:46:56.963] [Render thread/WARN] [net.minecraft.world.item.crafting.RecipeManager/]: Recipe hephaestus_tools:melting/compat/constantan/large_blade can't be placed due to empty ingredients and will be ignored
[27set.2026 17:46:56.963] [Render thread/WARN] [net.minecraft.world.item.crafting.RecipeManager/]: Recipe hephaestus_tools:melting/compat/constantan/large_plate can't be placed due to empty ingredients and will be ignored
[27set.2026 17:46:56.963] [Render thread/WARN] [net.minecraft.world.item.crafting.RecipeManager/]: Recipe hephaestus_tools:melting/compat/constantan/pick_head can't be placed due to empty ingredients and will be ignored
[27set.2026 17:46:56.963] [Render thread/WARN] [net.minecraft.world.item.crafting.RecipeManager/]: Recipe hephaestus_tools:melting/compat/constantan/small_axe_head can't be placed due to empty ingredients and will be ignored
[27set.2026 17:46:56.963] [Render thread/WARN] [net.minecraft.world.item.crafting.RecipeManager/]: Recipe hephaestus_tools:melting/compat/constantan/small_blade can't be placed due to empty ingredients and will be ignored
[27set.2026 17:46:56.963] [Render thread/WARN] [net.minecraft.world.item.crafting.RecipeManager/]: Recipe hephaestus_tools:melting/compat/constantan/tool_binding can't be placed due to empty ingredients and will be ignored
[27set.2026 17:46:56.963] [Render thread/WARN] [net.minecraft.world.item.crafting.RecipeManager/]: Recipe hephaestus_tools:melting/compat/constantan/tool_handle can't be placed due to empty ingredients and will be ignored
[27set.2026 17:46:56.963] [Render thread/WARN] [net.minecraft.world.item.crafting.RecipeManager/]: Recipe hephaestus_tools:melting/compat/constantan/tough_binding can't be placed due to empty ingredients and will be ignored
[27set.2026 17:46:56.963] [Render thread/WARN] [net.minecraft.world.item.crafting.RecipeManager/]: Recipe hephaestus_tools:melting/compat/constantan/tough_handle can't be placed due to empty ingredients and will be ignored
[27set.2026 17:46:56.963] [Render thread/WARN] [net.minecraft.world.item.crafting.RecipeManager/]: Recipe hephaestus_tools:melting/compat/electrum/adze_head can't be placed due to empty ingredients and will be ignored
[27set.2026 17:46:56.963] [Render thread/WARN] [net.minecraft.world.item.crafting.RecipeManager/]: Recipe hephaestus_tools:melting/compat/electrum/broad_axe_head can't be placed due to empty ingredients and will be ignored
[27set.2026 17:46:56.963] [Render thread/WARN] [net.minecraft.world.item.crafting.RecipeManager/]: Recipe hephaestus_tools:melting/compat/electrum/hammer_head can't be placed due to empty ingredients and will be ignored
[27set.2026 17:46:56.963] [Render thread/WARN] [net.minecraft.world.item.crafting.RecipeManager/]: Recipe hephaestus_tools:melting/compat/electrum/large_blade can't be placed due to empty ingredients and will be ignored
[27set.2026 17:46:56.963] [Render thread/WARN] [net.minecraft.world.item.crafting.RecipeManager/]: Recipe hephaestus_tools:melting/compat/electrum/large_plate can't be placed due to empty ingredients and will be ignored
[27set.2026 17:46:56.963] [Render thread/WARN] [net.minecraft.world.item.crafting.RecipeManager/]: Recipe hephaestus_tools:melting/compat/electrum/pick_head can't be placed due to empty ingredients and will be ignored
[27set.2026 17:46:56.963] [Render thread/WARN] [net.minecraft.world.item.crafting.RecipeManager/]: Recipe hephaestus_tools:melting/compat/electrum/small_axe_head can't be placed due to empty ingredients and will be ignored
[27set.2026 17:46:56.963] [Render thread/WARN] [net.minecraft.world.item.crafting.RecipeManager/]: Recipe hephaestus_tools:melting/compat/electrum/small_blade can't be placed due to empty ingredients and will be ignored
[27set.2026 17:46:56.963] [Render thread/WARN] [net.minecraft.world.item.crafting.RecipeManager/]: Recipe hephaestus_tools:melting/compat/electrum/tool_binding can't be placed due to empty ingredients and will be ignored
[27set.2026 17:46:56.963] [Render thread/WARN] [net.minecraft.world.item.crafting.RecipeManager/]: Recipe hephaestus_tools:melting/compat/electrum/tool_handle can't be placed due to empty ingredients and will be ignored
[27set.2026 17:46:56.964] [Render thread/WARN] [net.minecraft.world.item.crafting.RecipeManager/]: Recipe hephaestus_tools:melting/compat/electrum/tough_binding can't be placed due to empty ingredients and will be ignored
[27set.2026 17:46:56.964] [Render thread/WARN] [net.minecraft.world.item.crafting.RecipeManager/]: Recipe hephaestus_tools:melting/compat/electrum/tough_handle can't be placed due to empty ingredients and will be ignored
[27set.2026 17:46:56.964] [Render thread/WARN] [net.minecraft.world.item.crafting.RecipeManager/]: Recipe hephaestus_tools:melting/compat/enderium/adze_head can't be placed due to empty ingredients and will be ignored
[27set.2026 17:46:56.964] [Render thread/WARN] [net.minecraft.world.item.crafting.RecipeManager/]: Recipe hephaestus_tools:melting/compat/enderium/broad_axe_head can't be placed due to empty ingredients and will be ignored
[27set.2026 17:46:56.964] [Render thread/WARN] [net.minecraft.world.item.crafting.RecipeManager/]: Recipe hephaestus_tools:melting/compat/enderium/hammer_head can't be placed due to empty ingredients and will be ignored
[27set.2026 17:46:56.964] [Render thread/WARN] [net.minecraft.world.item.crafting.RecipeManager/]: Recipe hephaestus_tools:melting/compat/enderium/large_blade can't be placed due to empty ingredients and will be ignored
[27set.2026 17:46:56.964] [Render thread/WARN] [net.minecraft.world.item.crafting.RecipeManager/]: Recipe hephaestus_tools:melting/compat/enderium/large_plate can't be placed due to empty ingredients and will be ignored
[27set.2026 17:46:56.964] [Render thread/WARN] [net.minecraft.world.item.crafting.RecipeManager/]: Recipe hephaestus_tools:melting/compat/enderium/pick_head can't be placed due to empty ingredients and will be ignored
[27set.2026 17:46:56.964] [Render thread/WARN] [net.minecraft.world.item.crafting.RecipeManager/]: Recipe hephaestus_tools:melting/compat/enderium/small_axe_head can't be placed due to empty ingredients and will be ignored
[27set.2026 17:46:56.964] [Render thread/WARN] [net.minecraft.world.item.crafting.RecipeManager/]: Recipe hephaestus_tools:melting/compat/enderium/small_blade can't be placed due to empty ingredients and will be ignored
[27set.2026 17:46:56.964] [Render thread/WARN] [net.minecraft.world.item.crafting.RecipeManager/]: Recipe hephaestus_tools:melting/compat/enderium/tool_binding can't be placed due to empty ingredients and will be ignored
[27set.2026 17:46:56.964] [Render thread/WARN] [net.minecraft.world.item.crafting.RecipeManager/]: Recipe hephaestus_tools:melting/compat/enderium/tool_handle can't be placed due to empty ingredients and will be ignored
[27set.2026 17:46:56.964] [Render thread/WARN] [net.minecraft.world.item.crafting.RecipeManager/]: Recipe hephaestus_tools:melting/compat/enderium/tough_binding can't be placed due to empty ingredients and will be ignored
[27set.2026 17:46:56.964] [Render thread/WARN] [net.minecraft.world.item.crafting.RecipeManager/]: Recipe hephaestus_tools:melting/compat/enderium/tough_handle can't be placed due to empty ingredients and will be ignored
[27set.2026 17:46:56.964] [Render thread/WARN] [net.minecraft.world.item.crafting.RecipeManager/]: Recipe hephaestus_tools:melting/compat/invar/adze_head can't be placed due to empty ingredients and will be ignored
[27set.2026 17:46:56.964] [Render thread/WARN] [net.minecraft.world.item.crafting.RecipeManager/]: Recipe hephaestus_tools:melting/compat/invar/broad_axe_head can't be placed due to empty ingredients and will be ignored
[27set.2026 17:46:56.964] [Render thread/WARN] [net.minecraft.world.item.crafting.RecipeManager/]: Recipe hephaestus_tools:melting/compat/invar/hammer_head can't be placed due to empty ingredients and will be ignored
[27set.2026 17:46:56.964] [Render thread/WARN] [net.minecraft.world.item.crafting.RecipeManager/]: Recipe hephaestus_tools:melting/compat/invar/large_blade can't be placed due to empty ingredients and will be ignored
[27set.2026 17:46:56.964] [Render thread/WARN] [net.minecraft.world.item.crafting.RecipeManager/]: Recipe hephaestus_tools:melting/compat/invar/large_plate can't be placed due to empty ingredients and will be ignored
[27set.2026 17:46:56.964] [Render thread/WARN] [net.minecraft.world.item.crafting.RecipeManager/]: Recipe hephaestus_tools:melting/compat/invar/pick_head can't be placed due to empty ingredients and will be ignored
[27set.2026 17:46:56.964] [Render thread/WARN] [net.minecraft.world.item.crafting.RecipeManager/]: Recipe hephaestus_tools:melting/compat/invar/small_axe_head can't be placed due to empty ingredients and will be ignored
[27set.2026 17:46:56.964] [Render thread/WARN] [net.minecraft.world.item.crafting.RecipeManager/]: Recipe hephaestus_tools:melting/compat/invar/small_blade can't be placed due to empty ingredients and will be ignored
[27set.2026 17:46:56.964] [Render thread/WARN] [net.minecraft.world.item.crafting.RecipeManager/]: Recipe hephaestus_tools:melting/compat/invar/tool_binding can't be placed due to empty ingredients and will be ignored
[27set.2026 17:46:56.964] [Render thread/WARN] [net.minecraft.world.item.crafting.RecipeManager/]: Recipe hephaestus_tools:melting/compat/invar/tool_handle can't be placed due to empty ingredients and will be ignored
[27set.2026 17:46:56.964] [Render thread/WARN] [net.minecraft.world.item.crafting.RecipeManager/]: Recipe hephaestus_tools:melting/compat/invar/tough_binding can't be placed due to empty ingredients and will be ignored
[27set.2026 17:46:56.964] [Render thread/WARN] [net.minecraft.world.item.crafting.RecipeManager/]: Recipe hephaestus_tools:melting/compat/invar/tough_handle can't be placed due to empty ingredients and will be ignored
[27set.2026 17:46:56.964] [Render thread/WARN] [net.minecraft.world.item.crafting.RecipeManager/]: Recipe hephaestus_tools:melting/compat/lead/adze_head can't be placed due to empty ingredients and will be ignored
[27set.2026 17:46:56.964] [Render thread/WARN] [net.minecraft.world.item.crafting.RecipeManager/]: Recipe hephaestus_tools:melting/compat/lead/broad_axe_head can't be placed due to empty ingredients and will be ignored
[27set.2026 17:46:56.964] [Render thread/WARN] [net.minecraft.world.item.crafting.RecipeManager/]: Recipe hephaestus_tools:melting/compat/lead/hammer_head can't be placed due to empty ingredients and will be ignored
[27set.2026 17:46:56.965] [Render thread/WARN] [net.minecraft.world.item.crafting.RecipeManager/]: Recipe hephaestus_tools:melting/compat/lead/large_blade can't be placed due to empty ingredients and will be ignored
[27set.2026 17:46:56.965] [Render thread/WARN] [net.minecraft.world.item.crafting.RecipeManager/]: Recipe hephaestus_tools:melting/compat/lead/large_plate can't be placed due to empty ingredients and will be ignored
[27set.2026 17:46:56.965] [Render thread/WARN] [net.minecraft.world.item.crafting.RecipeManager/]: Recipe hephaestus_tools:melting/compat/lead/pick_head can't be placed due to empty ingredients and will be ignored
[27set.2026 17:46:56.965] [Render thread/WARN] [net.minecraft.world.item.crafting.RecipeManager/]: Recipe hephaestus_tools:melting/compat/lead/small_axe_head can't be placed due to empty ingredients and will be ignored
[27set.2026 17:46:56.965] [Render thread/WARN] [net.minecraft.world.item.crafting.RecipeManager/]: Recipe hephaestus_tools:melting/compat/lead/small_blade can't be placed due to empty ingredients and will be ignored
[27set.2026 17:46:56.965] [Render thread/WARN] [net.minecraft.world.item.crafting.RecipeManager/]: Recipe hephaestus_tools:melting/compat/lead/tool_binding can't be placed due to empty ingredients and will be ignored
[27set.2026 17:46:56.965] [Render thread/WARN] [net.minecraft.world.item.crafting.RecipeManager/]: Recipe hephaestus_tools:melting/compat/lead/tool_handle can't be placed due to empty ingredients and will be ignored
[27set.2026 17:46:56.965] [Render thread/WARN] [net.minecraft.world.item.crafting.RecipeManager/]: Recipe hephaestus_tools:melting/compat/lead/tough_binding can't be placed due to empty ingredients and will be ignored
[27set.2026 17:46:56.965] [Render thread/WARN] [net.minecraft.world.item.crafting.RecipeManager/]: Recipe hephaestus_tools:melting/compat/lead/tough_handle can't be placed due to empty ingredients and will be ignored
[27set.2026 17:46:56.965] [Render thread/WARN] [net.minecraft.world.item.crafting.RecipeManager/]: Recipe hephaestus_tools:melting/compat/lumium/adze_head can't be placed due to empty ingredients and will be ignored
[27set.2026 17:46:56.965] [Render thread/WARN] [net.minecraft.world.item.crafting.RecipeManager/]: Recipe hephaestus_tools:melting/compat/lumium/broad_axe_head can't be placed due to empty ingredients and will be ignored
[27set.2026 17:46:56.965] [Render thread/WARN] [net.minecraft.world.item.crafting.RecipeManager/]: Recipe hephaestus_tools:melting/compat/lumium/hammer_head can't be placed due to empty ingredients and will be ignored
[27set.2026 17:46:56.965] [Render thread/WARN] [net.minecraft.world.item.crafting.RecipeManager/]: Recipe hephaestus_tools:melting/compat/lumium/large_blade can't be placed due to empty ingredients and will be ignored
[27set.2026 17:46:56.965] [Render thread/WARN] [net.minecraft.world.item.crafting.RecipeManager/]: Recipe hephaestus_tools:melting/compat/lumium/large_plate can't be placed due to empty ingredients and will be ignored
[27set.2026 17:46:56.965] [Render thread/WARN] [net.minecraft.world.item.crafting.RecipeManager/]: Recipe hephaestus_tools:melting/compat/lumium/pick_head can't be placed due to empty ingredients and will be ignored
[27set.2026 17:46:56.965] [Render thread/WARN] [net.minecraft.world.item.crafting.RecipeManager/]: Recipe hephaestus_tools:melting/compat/lumium/small_axe_head can't be placed due to empty ingredients and will be ignored
[27set.2026 17:46:56.965] [Render thread/WARN] [net.minecraft.world.item.crafting.RecipeManager/]: Recipe hephaestus_tools:melting/compat/lumium/small_blade can't be placed due to empty ingredients and will be ignored
[27set.2026 17:46:56.965] [Render thread/WARN] [net.minecraft.world.item.crafting.RecipeManager/]: Recipe hephaestus_tools:melting/compat/lumium/tool_binding can't be placed due to empty ingredients and will be ignored
[27set.2026 17:46:56.965] [Render thread/WARN] [net.minecraft.world.item.crafting.RecipeManager/]: Recipe hephaestus_tools:melting/compat/lumium/tool_handle can't be placed due to empty ingredients and will be ignored
[27set.2026 17:46:56.965] [Render thread/WARN] [net.minecraft.world.item.crafting.RecipeManager/]: Recipe hephaestus_tools:melting/compat/lumium/tough_binding can't be placed due to empty ingredients and will be ignored
[27set.2026 17:46:56.965] [Render thread/WARN] [net.minecraft.world.item.crafting.RecipeManager/]: Recipe hephaestus_tools:melting/compat/lumium/tough_handle can't be placed due to empty ingredients and will be ignored
[27set.2026 17:46:56.965] [Render thread/WARN] [net.minecraft.world.item.crafting.RecipeManager/]: Recipe hephaestus_tools:melting/compat/nickel/adze_head can't be placed due to empty ingredients and will be ignored
[27set.2026 17:46:56.965] [Render thread/WARN] [net.minecraft.world.item.crafting.RecipeManager/]: Recipe hephaestus_tools:melting/compat/nickel/broad_axe_head can't be placed due to empty ingredients and will be ignored
[27set.2026 17:46:56.965] [Render thread/WARN] [net.minecraft.world.item.crafting.RecipeManager/]: Recipe hephaestus_tools:melting/compat/nickel/hammer_head can't be placed due to empty ingredients and will be ignored
[27set.2026 17:46:56.965] [Render thread/WARN] [net.minecraft.world.item.crafting.RecipeManager/]: Recipe hephaestus_tools:melting/compat/nickel/large_blade can't be placed due to empty ingredients and will be ignored
[27set.2026 17:46:56.965] [Render thread/WARN] [net.minecraft.world.item.crafting.RecipeManager/]: Recipe hephaestus_tools:melting/compat/nickel/large_plate can't be placed due to empty ingredients and will be ignored
[27set.2026 17:46:56.965] [Render thread/WARN] [net.minecraft.world.item.crafting.RecipeManager/]: Recipe hephaestus_tools:melting/compat/nickel/pick_head can't be placed due to empty ingredients and will be ignored
[27set.2026 17:46:56.965] [Render thread/WARN] [net.minecraft.world.item.crafting.RecipeManager/]: Recipe hephaestus_tools:melting/compat/nickel/small_axe_head can't be placed due to empty ingredients and will be ignored
[27set.2026 17:46:56.965] [Render thread/WARN] [net.minecraft.world.item.crafting.RecipeManager/]: Recipe hephaestus_tools:melting/compat/nickel/small_blade can't be placed due to empty ingredients and will be ignored
[27set.2026 17:46:56.965] [Render thread/WARN] [net.minecraft.world.item.crafting.RecipeManager/]: Recipe hephaestus_tools:melting/compat/nickel/tool_binding can't be placed due to empty ingredients and will be ignored
[27set.2026 17:46:56.965] [Render thread/WARN] [net.minecraft.world.item.crafting.RecipeManager/]: Recipe hephaestus_tools:melting/compat/nickel/tool_handle can't be placed due to empty ingredients and will be ignored
[27set.2026 17:46:56.965] [Render thread/WARN] [net.minecraft.world.item.crafting.RecipeManager/]: Recipe hephaestus_tools:melting/compat/nickel/tough_binding can't be placed due to empty ingredients and will be ignored
[27set.2026 17:46:56.965] [Render thread/WARN] [net.minecraft.world.item.crafting.RecipeManager/]: Recipe hephaestus_tools:melting/compat/nickel/tough_handle can't be placed due to empty ingredients and will be ignored
[27set.2026 17:46:56.965] [Render thread/WARN] [net.minecraft.world.item.crafting.RecipeManager/]: Recipe hephaestus_tools:melting/compat/osmium/adze_head can't be placed due to empty ingredients and will be ignored
[27set.2026 17:46:56.965] [Render thread/WARN] [net.minecraft.world.item.crafting.RecipeManager/]: Recipe hephaestus_tools:melting/compat/osmium/broad_axe_head can't be placed due to empty ingredients and will be ignored
[27set.2026 17:46:56.965] [Render thread/WARN] [net.minecraft.world.item.crafting.RecipeManager/]: Recipe hephaestus_tools:melting/compat/osmium/hammer_head can't be placed due to empty ingredients and will be ignored
[27set.2026 17:46:56.965] [Render thread/WARN] [net.minecraft.world.item.crafting.RecipeManager/]: Recipe hephaestus_tools:melting/compat/osmium/large_blade can't be placed due to empty ingredients and will be ignored
[27set.2026 17:46:56.965] [Render thread/WARN] [net.minecraft.world.item.crafting.RecipeManager/]: Recipe hephaestus_tools:melting/compat/osmium/large_plate can't be placed due to empty ingredients and will be ignored
[27set.2026 17:46:56.965] [Render thread/WARN] [net.minecraft.world.item.crafting.RecipeManager/]: Recipe hephaestus_tools:melting/compat/osmium/pick_head can't be placed due to empty ingredients and will be ignored
[27set.2026 17:46:56.965] [Render thread/WARN] [net.minecraft.world.item.crafting.RecipeManager/]: Recipe hephaestus_tools:melting/compat/osmium/small_axe_head can't be placed due to empty ingredients and will be ignored
[27set.2026 17:46:56.965] [Render thread/WARN] [net.minecraft.world.item.crafting.RecipeManager/]: Recipe hephaestus_tools:melting/compat/osmium/small_blade can't be placed due to empty ingredients and will be ignored
[27set.2026 17:46:56.965] [Render thread/WARN] [net.minecraft.world.item.crafting.RecipeManager/]: Recipe hephaestus_tools:melting/compat/osmium/tool_binding can't be placed due to empty ingredients and will be ignored
[27set.2026 17:46:56.965] [Render thread/WARN] [net.minecraft.world.item.crafting.RecipeManager/]: Recipe hephaestus_tools:melting/compat/osmium/tool_handle can't be placed due to empty ingredients and will be ignored
[27set.2026 17:46:56.965] [Render thread/WARN] [net.minecraft.world.item.crafting.RecipeManager/]: Recipe hephaestus_tools:melting/compat/osmium/tough_binding can't be placed due to empty ingredients and will be ignored
[27set.2026 17:46:56.965] [Render thread/WARN] [net.minecraft.world.item.crafting.RecipeManager/]: Recipe hephaestus_tools:melting/compat/osmium/tough_handle can't be placed due to empty ingredients and will be ignored
[27set.2026 17:46:56.966] [Render thread/WARN] [net.minecraft.world.item.crafting.RecipeManager/]: Recipe hephaestus_tools:melting/compat/platinum/adze_head can't be placed due to empty ingredients and will be ignored
[27set.2026 17:46:56.966] [Render thread/WARN] [net.minecraft.world.item.crafting.RecipeManager/]: Recipe hephaestus_tools:melting/compat/platinum/broad_axe_head can't be placed due to empty ingredients and will be ignored
[27set.2026 17:46:56.966] [Render thread/WARN] [net.minecraft.world.item.crafting.RecipeManager/]: Recipe hephaestus_tools:melting/compat/platinum/hammer_head can't be placed due to empty ingredients and will be ignored
[27set.2026 17:46:56.966] [Render thread/WARN] [net.minecraft.world.item.crafting.RecipeManager/]: Recipe hephaestus_tools:melting/compat/platinum/large_blade can't be placed due to empty ingredients and will be ignored
[27set.2026 17:46:56.966] [Render thread/WARN] [net.minecraft.world.item.crafting.RecipeManager/]: Recipe hephaestus_tools:melting/compat/platinum/large_plate can't be placed due to empty ingredients and will be ignored
[27set.2026 17:46:56.966] [Render thread/WARN] [net.minecraft.world.item.crafting.RecipeManager/]: Recipe hephaestus_tools:melting/compat/platinum/pick_head can't be placed due to empty ingredients and will be ignored
[27set.2026 17:46:56.966] [Render thread/WARN] [net.minecraft.world.item.crafting.RecipeManager/]: Recipe hephaestus_tools:melting/compat/platinum/small_axe_head can't be placed due to empty ingredients and will be ignored
[27set.2026 17:46:56.966] [Render thread/WARN] [net.minecraft.world.item.crafting.RecipeManager/]: Recipe hephaestus_tools:melting/compat/platinum/small_blade can't be placed due to empty ingredients and will be ignored
[27set.2026 17:46:56.966] [Render thread/WARN] [net.minecraft.world.item.crafting.RecipeManager/]: Recipe hephaestus_tools:melting/compat/platinum/tool_binding can't be placed due to empty ingredients and will be ignored
[27set.2026 17:46:56.966] [Render thread/WARN] [net.minecraft.world.item.crafting.RecipeManager/]: Recipe hephaestus_tools:melting/compat/platinum/tool_handle can't be placed due to empty ingredients and will be ignored
[27set.2026 17:46:56.966] [Render thread/WARN] [net.minecraft.world.item.crafting.RecipeManager/]: Recipe hephaestus_tools:melting/compat/platinum/tough_binding can't be placed due to empty ingredients and will be ignored
[27set.2026 17:46:56.966] [Render thread/WARN] [net.minecraft.world.item.crafting.RecipeManager/]: Recipe hephaestus_tools:melting/compat/platinum/tough_handle can't be placed due to empty ingredients and will be ignored
[27set.2026 17:46:56.966] [Render thread/WARN] [net.minecraft.world.item.crafting.RecipeManager/]: Recipe hephaestus_tools:melting/compat/signalum/adze_head can't be placed due to empty ingredients and will be ignored
[27set.2026 17:46:56.966] [Render thread/WARN] [net.minecraft.world.item.crafting.RecipeManager/]: Recipe hephaestus_tools:melting/compat/signalum/broad_axe_head can't be placed due to empty ingredients and will be ignored
[27set.2026 17:46:56.966] [Render thread/WARN] [net.minecraft.world.item.crafting.RecipeManager/]: Recipe hephaestus_tools:melting/compat/signalum/hammer_head can't be placed due to empty ingredients and will be ignored
[27set.2026 17:46:56.966] [Render thread/WARN] [net.minecraft.world.item.crafting.RecipeManager/]: Recipe hephaestus_tools:melting/compat/signalum/large_blade can't be placed due to empty ingredients and will be ignored
[27set.2026 17:46:56.966] [Render thread/WARN] [net.minecraft.world.item.crafting.RecipeManager/]: Recipe hephaestus_tools:melting/compat/signalum/large_plate can't be placed due to empty ingredients and will be ignored
[27set.2026 17:46:56.966] [Render thread/WARN] [net.minecraft.world.item.crafting.RecipeManager/]: Recipe hephaestus_tools:melting/compat/signalum/pick_head can't be placed due to empty ingredients and will be ignored
[27set.2026 17:46:56.967] [Render thread/WARN] [net.minecraft.world.item.crafting.RecipeManager/]: Recipe hephaestus_tools:melting/compat/signalum/small_axe_head can't be placed due to empty ingredients and will be ignored
[27set.2026 17:46:56.967] [Render thread/WARN] [net.minecraft.world.item.crafting.RecipeManager/]: Recipe hephaestus_tools:melting/compat/signalum/small_blade can't be placed due to empty ingredients and will be ignored
[27set.2026 17:46:56.967] [Render thread/WARN] [net.minecraft.world.item.crafting.RecipeManager/]: Recipe hephaestus_tools:melting/compat/signalum/tool_binding can't be placed due to empty ingredients and will be ignored
[27set.2026 17:46:56.967] [Render thread/WARN] [net.minecraft.world.item.crafting.RecipeManager/]: Recipe hephaestus_tools:melting/compat/signalum/tool_handle can't be placed due to empty ingredients and will be ignored
[27set.2026 17:46:56.967] [Render thread/WARN] [net.minecraft.world.item.crafting.RecipeManager/]: Recipe hephaestus_tools:melting/compat/signalum/tough_binding can't be placed due to empty ingredients and will be ignored
[27set.2026 17:46:56.967] [Render thread/WARN] [net.minecraft.world.item.crafting.RecipeManager/]: Recipe hephaestus_tools:melting/compat/signalum/tough_handle can't be placed due to empty ingredients and will be ignored
[27set.2026 17:46:56.967] [Render thread/WARN] [net.minecraft.world.item.crafting.RecipeManager/]: Recipe hephaestus_tools:melting/compat/silver/adze_head can't be placed due to empty ingredients and will be ignored
[27set.2026 17:46:56.967] [Render thread/WARN] [net.minecraft.world.item.crafting.RecipeManager/]: Recipe hephaestus_tools:melting/compat/silver/broad_axe_head can't be placed due to empty ingredients and will be ignored
[27set.2026 17:46:56.967] [Render thread/WARN] [net.minecraft.world.item.crafting.RecipeManager/]: Recipe hephaestus_tools:melting/compat/silver/hammer_head can't be placed due to empty ingredients and will be ignored
[27set.2026 17:46:56.967] [Render thread/WARN] [net.minecraft.world.item.crafting.RecipeManager/]: Recipe hephaestus_tools:melting/compat/silver/large_blade can't be placed due to empty ingredients and will be ignored
[27set.2026 17:46:56.967] [Render thread/WARN] [net.minecraft.world.item.crafting.RecipeManager/]: Recipe hephaestus_tools:melting/compat/silver/large_plate can't be placed due to empty ingredients and will be ignored
[27set.2026 17:46:56.967] [Render thread/WARN] [net.minecraft.world.item.crafting.RecipeManager/]: Recipe hephaestus_tools:melting/compat/silver/pick_head can't be placed due to empty ingredients and will be ignored
[27set.2026 17:46:56.967] [Render thread/WARN] [net.minecraft.world.item.crafting.RecipeManager/]: Recipe hephaestus_tools:melting/compat/silver/small_axe_head can't be placed due to empty ingredients and will be ignored
[27set.2026 17:46:56.967] [Render thread/WARN] [net.minecraft.world.item.crafting.RecipeManager/]: Recipe hephaestus_tools:melting/compat/silver/small_blade can't be placed due to empty ingredients and will be ignored
[27set.2026 17:46:56.967] [Render thread/WARN] [net.minecraft.world.item.crafting.RecipeManager/]: Recipe hephaestus_tools:melting/compat/silver/tool_binding can't be placed due to empty ingredients and will be ignored
[27set.2026 17:46:56.967] [Render thread/WARN] [net.minecraft.world.item.crafting.RecipeManager/]: Recipe hephaestus_tools:melting/compat/silver/tool_handle can't be placed due to empty ingredients and will be ignored
[27set.2026 17:46:56.967] [Render thread/WARN] [net.minecraft.world.item.crafting.RecipeManager/]: Recipe hephaestus_tools:melting/compat/silver/tough_binding can't be placed due to empty ingredients and will be ignored
[27set.2026 17:46:56.967] [Render thread/WARN] [net.minecraft.world.item.crafting.RecipeManager/]: Recipe hephaestus_tools:melting/compat/silver/tough_handle can't be placed due to empty ingredients and will be ignored
[27set.2026 17:46:56.967] [Render thread/WARN] [net.minecraft.world.item.crafting.RecipeManager/]: Recipe hephaestus_tools:melting/compat/tin/adze_head can't be placed due to empty ingredients and will be ignored
[27set.2026 17:46:56.967] [Render thread/WARN] [net.minecraft.world.item.crafting.RecipeManager/]: Recipe hephaestus_tools:melting/compat/tin/broad_axe_head can't be placed due to empty ingredients and will be ignored
[27set.2026 17:46:56.967] [Render thread/WARN] [net.minecraft.world.item.crafting.RecipeManager/]: Recipe hephaestus_tools:melting/compat/tin/hammer_head can't be placed due to empty ingredients and will be ignored
[27set.2026 17:46:56.967] [Render thread/WARN] [net.minecraft.world.item.crafting.RecipeManager/]: Recipe hephaestus_tools:melting/compat/tin/large_blade can't be placed due to empty ingredients and will be ignored
[27set.2026 17:46:56.967] [Render thread/WARN] [net.minecraft.world.item.crafting.RecipeManager/]: Recipe hephaestus_tools:melting/compat/tin/large_plate can't be placed due to empty ingredients and will be ignored
[27set.2026 17:46:56.967] [Render thread/WARN] [net.minecraft.world.item.crafting.RecipeManager/]: Recipe hephaestus_tools:melting/compat/tin/pick_head can't be placed due to empty ingredients and will be ignored
[27set.2026 17:46:56.967] [Render thread/WARN] [net.minecraft.world.item.crafting.RecipeManager/]: Recipe hephaestus_tools:melting/compat/tin/small_axe_head can't be placed due to empty ingredients and will be ignored
[27set.2026 17:46:56.967] [Render thread/WARN] [net.minecraft.world.item.crafting.RecipeManager/]: Recipe hephaestus_tools:melting/compat/tin/small_blade can't be placed due to empty ingredients and will be ignored
[27set.2026 17:46:56.967] [Render thread/WARN] [net.minecraft.world.item.crafting.RecipeManager/]: Recipe hephaestus_tools:melting/compat/tin/tool_binding can't be placed due to empty ingredients and will be ignored
[27set.2026 17:46:56.967] [Render thread/WARN] [net.minecraft.world.item.crafting.RecipeManager/]: Recipe hephaestus_tools:melting/compat/tin/tool_handle can't be placed due to empty ingredients and will be ignored
[27set.2026 17:46:56.967] [Render thread/WARN] [net.minecraft.world.item.crafting.RecipeManager/]: Recipe hephaestus_tools:melting/compat/tin/tough_binding can't be placed due to empty ingredients and will be ignored
[27set.2026 17:46:56.967] [Render thread/WARN] [net.minecraft.world.item.crafting.RecipeManager/]: Recipe hephaestus_tools:melting/compat/tin/tough_handle can't be placed due to empty ingredients and will be ignored
[27set.2026 17:46:56.967] [Render thread/WARN] [net.minecraft.world.item.crafting.RecipeManager/]: Recipe hephaestus_tools:melting/compat/uranium/adze_head can't be placed due to empty ingredients and will be ignored
[27set.2026 17:46:56.967] [Render thread/WARN] [net.minecraft.world.item.crafting.RecipeManager/]: Recipe hephaestus_tools:melting/compat/uranium/broad_axe_head can't be placed due to empty ingredients and will be ignored
[27set.2026 17:46:56.967] [Render thread/WARN] [net.minecraft.world.item.crafting.RecipeManager/]: Recipe hephaestus_tools:melting/compat/uranium/hammer_head can't be placed due to empty ingredients and will be ignored
[27set.2026 17:46:56.967] [Render thread/WARN] [net.minecraft.world.item.crafting.RecipeManager/]: Recipe hephaestus_tools:melting/compat/uranium/large_blade can't be placed due to empty ingredients and will be ignored
[27set.2026 17:46:56.967] [Render thread/WARN] [net.minecraft.world.item.crafting.RecipeManager/]: Recipe hephaestus_tools:melting/compat/uranium/large_plate can't be placed due to empty ingredients and will be ignored
[27set.2026 17:46:56.967] [Render thread/WARN] [net.minecraft.world.item.crafting.RecipeManager/]: Recipe hephaestus_tools:melting/compat/uranium/pick_head can't be placed due to empty ingredients and will be ignored
[27set.2026 17:46:56.967] [Render thread/WARN] [net.minecraft.world.item.crafting.RecipeManager/]: Recipe hephaestus_tools:melting/compat/uranium/small_axe_head can't be placed due to empty ingredients and will be ignored
[27set.2026 17:46:56.967] [Render thread/WARN] [net.minecraft.world.item.crafting.RecipeManager/]: Recipe hephaestus_tools:melting/compat/uranium/small_blade can't be placed due to empty ingredients and will be ignored
[27set.2026 17:46:56.967] [Render thread/WARN] [net.minecraft.world.item.crafting.RecipeManager/]: Recipe hephaestus_tools:melting/compat/uranium/tool_binding can't be placed due to empty ingredients and will be ignored
[27set.2026 17:46:56.967] [Render thread/WARN] [net.minecraft.world.item.crafting.RecipeManager/]: Recipe hephaestus_tools:melting/compat/uranium/tool_handle can't be placed due to empty ingredients and will be ignored
[27set.2026 17:46:56.967] [Render thread/WARN] [net.minecraft.world.item.crafting.RecipeManager/]: Recipe hephaestus_tools:melting/compat/uranium/tough_binding can't be placed due to empty ingredients and will be ignored
[27set.2026 17:46:56.967] [Render thread/WARN] [net.minecraft.world.item.crafting.RecipeManager/]: Recipe hephaestus_tools:melting/compat/uranium/tough_handle can't be placed due to empty ingredients and will be ignored
[27set.2026 17:46:56.967] [Render thread/WARN] [net.minecraft.world.item.crafting.RecipeManager/]: Recipe hephaestus_tools:melting/compat/zinc/adze_head can't be placed due to empty ingredients and will be ignored
[27set.2026 17:46:56.967] [Render thread/WARN] [net.minecraft.world.item.crafting.RecipeManager/]: Recipe hephaestus_tools:melting/compat/zinc/broad_axe_head can't be placed due to empty ingredients and will be ignored
[27set.2026 17:46:56.967] [Render thread/WARN] [net.minecraft.world.item.crafting.RecipeManager/]: Recipe hephaestus_tools:melting/compat/zinc/hammer_head can't be placed due to empty ingredients and will be ignored
[27set.2026 17:46:56.967] [Render thread/WARN] [net.minecraft.world.item.crafting.RecipeManager/]: Recipe hephaestus_tools:melting/compat/zinc/large_blade can't be placed due to empty ingredients and will be ignored
[27set.2026 17:46:56.967] [Render thread/WARN] [net.minecraft.world.item.crafting.RecipeManager/]: Recipe hephaestus_tools:melting/compat/zinc/large_plate can't be placed due to empty ingredients and will be ignored
[27set.2026 17:46:56.967] [Render thread/WARN] [net.minecraft.world.item.crafting.RecipeManager/]: Recipe hephaestus_tools:melting/compat/zinc/pick_head can't be placed due to empty ingredients and will be ignored
[27set.2026 17:46:56.967] [Render thread/WARN] [net.minecraft.world.item.crafting.RecipeManager/]: Recipe hephaestus_tools:melting/compat/zinc/small_axe_head can't be placed due to empty ingredients and will be ignored
[27set.2026 17:46:56.967] [Render thread/WARN] [net.minecraft.world.item.crafting.RecipeManager/]: Recipe hephaestus_tools:melting/compat/zinc/small_blade can't be placed due to empty ingredients and will be ignored
[27set.2026 17:46:56.967] [Render thread/WARN] [net.minecraft.world.item.crafting.RecipeManager/]: Recipe hephaestus_tools:melting/compat/zinc/tool_binding can't be placed due to empty ingredients and will be ignored
[27set.2026 17:46:56.967] [Render thread/WARN] [net.minecraft.world.item.crafting.RecipeManager/]: Recipe hephaestus_tools:melting/compat/zinc/tool_handle can't be placed due to empty ingredients and will be ignored
[27set.2026 17:46:56.967] [Render thread/WARN] [net.minecraft.world.item.crafting.RecipeManager/]: Recipe hephaestus_tools:melting/compat/zinc/tough_binding can't be placed due to empty ingredients and will be ignored
[27set.2026 17:46:56.967] [Render thread/WARN] [net.minecraft.world.item.crafting.RecipeManager/]: Recipe hephaestus_tools:melting/compat/zinc/tough_handle can't be placed due to empty ingredients and will be ignored
[27set.2026 17:46:56.967] [Render thread/WARN] [net.minecraft.world.item.crafting.RecipeManager/]: Recipe hephaestus_tools:melting/copper/adze_head can't be placed due to empty ingredients and will be ignored
[27set.2026 17:46:56.967] [Render thread/WARN] [net.minecraft.world.item.crafting.RecipeManager/]: Recipe hephaestus_tools:melting/copper/broad_axe_head can't be placed due to empty ingredients and will be ignored
[27set.2026 17:46:56.969] [Render thread/WARN] [net.minecraft.world.item.crafting.RecipeManager/]: Recipe hephaestus_tools:melting/copper/hammer_head can't be placed due to empty ingredients and will be ignored
[27set.2026 17:46:56.969] [Render thread/WARN] [net.minecraft.world.item.crafting.RecipeManager/]: Recipe hephaestus_tools:melting/copper/large_blade can't be placed due to empty ingredients and will be ignored
[27set.2026 17:46:56.969] [Render thread/WARN] [net.minecraft.world.item.crafting.RecipeManager/]: Recipe hephaestus_tools:melting/copper/large_plate can't be placed due to empty ingredients and will be ignored
[27set.2026 17:46:56.969] [Render thread/WARN] [net.minecraft.world.item.crafting.RecipeManager/]: Recipe hephaestus_tools:melting/copper/pick_head can't be placed due to empty ingredients and will be ignored
[27set.2026 17:46:56.969] [Render thread/WARN] [net.minecraft.world.item.crafting.RecipeManager/]: Recipe hephaestus_tools:melting/copper/small_axe_head can't be placed due to empty ingredients and will be ignored
[27set.2026 17:46:56.969] [Render thread/WARN] [net.minecraft.world.item.crafting.RecipeManager/]: Recipe hephaestus_tools:melting/copper/small_blade can't be placed due to empty ingredients and will be ignored
[27set.2026 17:46:56.969] [Render thread/WARN] [net.minecraft.world.item.crafting.RecipeManager/]: Recipe hephaestus_tools:melting/copper/tool_binding can't be placed due to empty ingredients and will be ignored
[27set.2026 17:46:56.969] [Render thread/WARN] [net.minecraft.world.item.crafting.RecipeManager/]: Recipe hephaestus_tools:melting/copper/tool_handle can't be placed due to empty ingredients and will be ignored
[27set.2026 17:46:56.969] [Render thread/WARN] [net.minecraft.world.item.crafting.RecipeManager/]: Recipe hephaestus_tools:melting/copper/tough_binding can't be placed due to empty ingredients and will be ignored
[27set.2026 17:46:56.969] [Render thread/WARN] [net.minecraft.world.item.crafting.RecipeManager/]: Recipe hephaestus_tools:melting/copper/tough_handle can't be placed due to empty ingredients and will be ignored
[27set.2026 17:46:56.969] [Render thread/WARN] [net.minecraft.world.item.crafting.RecipeManager/]: Recipe hephaestus_tools:melting/iron/adze_head can't be placed due to empty ingredients and will be ignored
[27set.2026 17:46:56.969] [Render thread/WARN] [net.minecraft.world.item.crafting.RecipeManager/]: Recipe hephaestus_tools:melting/iron/broad_axe_head can't be placed due to empty ingredients and will be ignored
[27set.2026 17:46:56.969] [Render thread/WARN] [net.minecraft.world.item.crafting.RecipeManager/]: Recipe hephaestus_tools:melting/iron/hammer_head can't be placed due to empty ingredients and will be ignored
[27set.2026 17:46:56.969] [Render thread/WARN] [net.minecraft.world.item.crafting.RecipeManager/]: Recipe hephaestus_tools:melting/iron/large_blade can't be placed due to empty ingredients and will be ignored
[27set.2026 17:46:56.969] [Render thread/WARN] [net.minecraft.world.item.crafting.RecipeManager/]: Recipe hephaestus_tools:melting/iron/large_plate can't be placed due to empty ingredients and will be ignored
[27set.2026 17:46:56.969] [Render thread/WARN] [net.minecraft.world.item.crafting.RecipeManager/]: Recipe hephaestus_tools:melting/iron/pick_head can't be placed due to empty ingredients and will be ignored
[27set.2026 17:46:56.969] [Render thread/WARN] [net.minecraft.world.item.crafting.RecipeManager/]: Recipe hephaestus_tools:melting/iron/small_axe_head can't be placed due to empty ingredients and will be ignored
[27set.2026 17:46:56.969] [Render thread/WARN] [net.minecraft.world.item.crafting.RecipeManager/]: Recipe hephaestus_tools:melting/iron/small_blade can't be placed due to empty ingredients and will be ignored
[27set.2026 17:46:56.969] [Render thread/WARN] [net.minecraft.world.item.crafting.RecipeManager/]: Recipe hephaestus_tools:melting/iron/tool_binding can't be placed due to empty ingredients and will be ignored
[27set.2026 17:46:56.969] [Render thread/WARN] [net.minecraft.world.item.crafting.RecipeManager/]: Recipe hephaestus_tools:melting/iron/tool_handle can't be placed due to empty ingredients and will be ignored
[27set.2026 17:46:56.969] [Render thread/WARN] [net.minecraft.world.item.crafting.RecipeManager/]: Recipe hephaestus_tools:melting/iron/tough_binding can't be placed due to empty ingredients and will be ignored
[27set.2026 17:46:56.970] [Render thread/WARN] [net.minecraft.world.item.crafting.RecipeManager/]: Recipe hephaestus_tools:melting/iron/tough_handle can't be placed due to empty ingredients and will be ignored
[27set.2026 17:46:56.970] [Render thread/WARN] [net.minecraft.world.item.crafting.RecipeManager/]: Recipe hephaestus:smeltery/alloying/brass can't be placed due to empty ingredients and will be ignored
[27set.2026 17:46:56.970] [Render thread/WARN] [net.minecraft.world.item.crafting.RecipeManager/]: Recipe hephaestus:smeltery/alloying/bronze can't be placed due to empty ingredients and will be ignored
[27set.2026 17:46:56.970] [Render thread/WARN] [net.minecraft.world.item.crafting.RecipeManager/]: Recipe hephaestus:smeltery/alloying/constantan can't be placed due to empty ingredients and will be ignored
[27set.2026 17:46:56.970] [Render thread/WARN] [net.minecraft.world.item.crafting.RecipeManager/]: Recipe hephaestus:smeltery/alloying/electrum can't be placed due to empty ingredients and will be ignored
[27set.2026 17:46:56.970] [Render thread/WARN] [net.minecraft.world.item.crafting.RecipeManager/]: Recipe hephaestus:smeltery/alloying/invar can't be placed due to empty ingredients and will be ignored
[27set.2026 17:46:56.970] [Render thread/WARN] [net.minecraft.world.item.crafting.RecipeManager/]: Recipe hephaestus:smeltery/alloying/netherite can't be placed due to empty ingredients and will be ignored
[27set.2026 17:46:56.970] [Render thread/WARN] [net.minecraft.world.item.crafting.RecipeManager/]: Recipe hephaestus:smeltery/alloying/steel can't be placed due to empty ingredients and will be ignored
[27set.2026 17:46:56.970] [Render thread/WARN] [net.minecraft.world.item.crafting.RecipeManager/]: Recipe hephaestus:smeltery/casting/basin/ftbmaterials_compat/metal/aluminum/block_cast can't be placed due to empty ingredients and will be ignored
[27set.2026 17:46:56.970] [Render thread/WARN] [net.minecraft.world.item.crafting.RecipeManager/]: Recipe hephaestus:smeltery/casting/basin/ftbmaterials_compat/metal/bronze/block_cast can't be placed due to empty ingredients and will be ignored
[27set.2026 17:46:56.970] [Render thread/WARN] [net.minecraft.world.item.crafting.RecipeManager/]: Recipe hephaestus:smeltery/casting/basin/ftbmaterials_compat/metal/constantan/block_cast can't be placed due to empty ingredients and will be ignored
[27set.2026 17:46:56.971] [Render thread/WARN] [net.minecraft.world.item.crafting.RecipeManager/]: Recipe hephaestus:smeltery/casting/basin/ftbmaterials_compat/metal/electrum/block_cast can't be placed due to empty ingredients and will be ignored
[27set.2026 17:46:56.971] [Render thread/WARN] [net.minecraft.world.item.crafting.RecipeManager/]: Recipe hephaestus:smeltery/casting/basin/ftbmaterials_compat/metal/invar/block_cast can't be placed due to empty ingredients and will be ignored
[27set.2026 17:46:56.971] [Render thread/WARN] [net.minecraft.world.item.crafting.RecipeManager/]: Recipe hephaestus:smeltery/casting/basin/ftbmaterials_compat/metal/iridium/block_cast can't be placed due to empty ingredients and will be ignored
[27set.2026 17:46:56.971] [Render thread/WARN] [net.minecraft.world.item.crafting.RecipeManager/]: Recipe hephaestus:smeltery/casting/basin/ftbmaterials_compat/metal/lead/block_cast can't be placed due to empty ingredients and will be ignored
[27set.2026 17:46:56.971] [Render thread/WARN] [net.minecraft.world.item.crafting.RecipeManager/]: Recipe hephaestus:smeltery/casting/basin/ftbmaterials_compat/metal/nickel/block_cast can't be placed due to empty ingredients and will be ignored
[27set.2026 17:46:56.971] [Render thread/WARN] [net.minecraft.world.item.crafting.RecipeManager/]: Recipe hephaestus:smeltery/casting/basin/ftbmaterials_compat/metal/silver/block_cast can't be placed due to empty ingredients and will be ignored
[27set.2026 17:46:56.971] [Render thread/WARN] [net.minecraft.world.item.crafting.RecipeManager/]: Recipe hephaestus:smeltery/casting/basin/ftbmaterials_compat/metal/tin/block_cast can't be placed due to empty ingredients and will be ignored
[27set.2026 17:46:56.971] [Render thread/WARN] [net.minecraft.world.item.crafting.RecipeManager/]: Recipe hephaestus:smeltery/casting/basin/ftbmaterials_compat/metal/uranium/block_cast can't be placed due to empty ingredients and will be ignored
[27set.2026 17:46:56.971] [Render thread/WARN] [net.minecraft.world.item.crafting.RecipeManager/]: Recipe hephaestus:smeltery/casting/basin/gem/amethyst/block_cast can't be placed due to empty ingredients and will be ignored
[27set.2026 17:46:56.971] [Render thread/WARN] [net.minecraft.world.item.crafting.RecipeManager/]: Recipe hephaestus:smeltery/casting/basin/gem/diamond/block_cast can't be placed due to empty ingredients and will be ignored
[27set.2026 17:46:56.971] [Render thread/WARN] [net.minecraft.world.item.crafting.RecipeManager/]: Recipe hephaestus:smeltery/casting/basin/gem/emerald/block_cast can't be placed due to empty ingredients and will be ignored
[27set.2026 17:46:56.971] [Render thread/WARN] [net.minecraft.world.item.crafting.RecipeManager/]: Recipe hephaestus:smeltery/casting/basin/gem/quartz/block_cast can't be placed due to empty ingredients and will be ignored
[27set.2026 17:46:56.971] [Render thread/WARN] [net.minecraft.world.item.crafting.RecipeManager/]: Recipe hephaestus:smeltery/casting/basin/metal/cobalt/block_cast can't be placed due to empty ingredients and will be ignored
[27set.2026 17:46:56.971] [Render thread/WARN] [net.minecraft.world.item.crafting.RecipeManager/]: Recipe hephaestus:smeltery/casting/basin/metal/copper/block_cast can't be placed due to empty ingredients and will be ignored
[27set.2026 17:46:56.971] [Render thread/WARN] [net.minecraft.world.item.crafting.RecipeManager/]: Recipe hephaestus:smeltery/casting/basin/metal/gold/block_cast can't be placed due to empty ingredients and will be ignored
[27set.2026 17:46:56.971] [Render thread/WARN] [net.minecraft.world.item.crafting.RecipeManager/]: Recipe hephaestus:smeltery/casting/basin/metal/iron/block_cast can't be placed due to empty ingredients and will be ignored
[27set.2026 17:46:56.971] [Render thread/WARN] [net.minecraft.world.item.crafting.RecipeManager/]: Recipe hephaestus:smeltery/casting/basin/metal/netherite/block_cast can't be placed due to empty ingredients and will be ignored
[27set.2026 17:46:56.971] [Render thread/WARN] [net.minecraft.world.item.crafting.RecipeManager/]: Recipe hephaestus:smeltery/casting/basin/metal/steel/block_cast can't be placed due to empty ingredients and will be ignored
[27set.2026 17:46:56.971] [Render thread/WARN] [net.minecraft.world.item.crafting.RecipeManager/]: Recipe hephaestus:smeltery/casting/casts/gear_cast can't be placed due to empty ingredients and will be ignored
[27set.2026 17:46:56.971] [Render thread/WARN] [net.minecraft.world.item.crafting.RecipeManager/]: Recipe hephaestus:smeltery/casting/casts/gem_cast can't be placed due to empty ingredients and will be ignored
[27set.2026 17:46:56.971] [Render thread/WARN] [net.minecraft.world.item.crafting.RecipeManager/]: Recipe hephaestus:smeltery/casting/casts/ingot_cast can't be placed due to empty ingredients and will be ignored
[27set.2026 17:46:56.971] [Render thread/WARN] [net.minecraft.world.item.crafting.RecipeManager/]: Recipe hephaestus:smeltery/casting/casts/nugget_cast can't be placed due to empty ingredients and will be ignored
[27set.2026 17:46:56.971] [Render thread/WARN] [net.minecraft.world.item.crafting.RecipeManager/]: Recipe hephaestus:smeltery/casting/casts/plate_cast can't be placed due to empty ingredients and will be ignored
[27set.2026 17:46:56.971] [Render thread/WARN] [net.minecraft.world.item.crafting.RecipeManager/]: Recipe hephaestus:smeltery/casting/casts/rod_cast can't be placed due to empty ingredients and will be ignored
[27set.2026 17:46:56.971] [Render thread/WARN] [net.minecraft.world.item.crafting.RecipeManager/]: Recipe hephaestus:smeltery/casting/table/ftbmaterials_compat/metal/aluminum/gear_cast can't be placed due to empty ingredients and will be ignored
[27set.2026 17:46:56.971] [Render thread/WARN] [net.minecraft.world.item.crafting.RecipeManager/]: Recipe hephaestus:smeltery/casting/table/ftbmaterials_compat/metal/aluminum/ingot_cast can't be placed due to empty ingredients and will be ignored
[27set.2026 17:46:56.971] [Render thread/WARN] [net.minecraft.world.item.crafting.RecipeManager/]: Recipe hephaestus:smeltery/casting/table/ftbmaterials_compat/metal/aluminum/nugget_cast can't be placed due to empty ingredients and will be ignored
[27set.2026 17:46:56.971] [Render thread/WARN] [net.minecraft.world.item.crafting.RecipeManager/]: Recipe hephaestus:smeltery/casting/table/ftbmaterials_compat/metal/aluminum/plate_cast can't be placed due to empty ingredients and will be ignored
[27set.2026 17:46:56.971] [Render thread/WARN] [net.minecraft.world.item.crafting.RecipeManager/]: Recipe hephaestus:smeltery/casting/table/ftbmaterials_compat/metal/aluminum/rod_cast can't be placed due to empty ingredients and will be ignored
[27set.2026 17:46:56.971] [Render thread/WARN] [net.minecraft.world.item.crafting.RecipeManager/]: Recipe hephaestus:smeltery/casting/table/ftbmaterials_compat/metal/bronze/gear_cast can't be placed due to empty ingredients and will be ignored
[27set.2026 17:46:56.971] [Render thread/WARN] [net.minecraft.world.item.crafting.RecipeManager/]: Recipe hephaestus:smeltery/casting/table/ftbmaterials_compat/metal/bronze/ingot_cast can't be placed due to empty ingredients and will be ignored
[27set.2026 17:46:56.971] [Render thread/WARN] [net.minecraft.world.item.crafting.RecipeManager/]: Recipe hephaestus:smeltery/casting/table/ftbmaterials_compat/metal/bronze/nugget_cast can't be placed due to empty ingredients and will be ignored
[27set.2026 17:46:56.971] [Render thread/WARN] [net.minecraft.world.item.crafting.RecipeManager/]: Recipe hephaestus:smeltery/casting/table/ftbmaterials_compat/metal/bronze/plate_cast can't be placed due to empty ingredients and will be ignored
[27set.2026 17:46:56.971] [Render thread/WARN] [net.minecraft.world.item.crafting.RecipeManager/]: Recipe hephaestus:smeltery/casting/table/ftbmaterials_compat/metal/bronze/rod_cast can't be placed due to empty ingredients and will be ignored
[27set.2026 17:46:56.971] [Render thread/WARN] [net.minecraft.world.item.crafting.RecipeManager/]: Recipe hephaestus:smeltery/casting/table/ftbmaterials_compat/metal/constantan/gear_cast can't be placed due to empty ingredients and will be ignored
[27set.2026 17:46:56.971] [Render thread/WARN] [net.minecraft.world.item.crafting.RecipeManager/]: Recipe hephaestus:smeltery/casting/table/ftbmaterials_compat/metal/constantan/ingot_cast can't be placed due to empty ingredients and will be ignored
[27set.2026 17:46:56.971] [Render thread/WARN] [net.minecraft.world.item.crafting.RecipeManager/]: Recipe hephaestus:smeltery/casting/table/ftbmaterials_compat/metal/constantan/nugget_cast can't be placed due to empty ingredients and will be ignored
[27set.2026 17:46:56.971] [Render thread/WARN] [net.minecraft.world.item.crafting.RecipeManager/]: Recipe hephaestus:smeltery/casting/table/ftbmaterials_compat/metal/constantan/plate_cast can't be placed due to empty ingredients and will be ignored
[27set.2026 17:46:56.971] [Render thread/WARN] [net.minecraft.world.item.crafting.RecipeManager/]: Recipe hephaestus:smeltery/casting/table/ftbmaterials_compat/metal/constantan/rod_cast can't be placed due to empty ingredients and will be ignored
[27set.2026 17:46:56.971] [Render thread/WARN] [net.minecraft.world.item.crafting.RecipeManager/]: Recipe hephaestus:smeltery/casting/table/ftbmaterials_compat/metal/electrum/gear_cast can't be placed due to empty ingredients and will be ignored
[27set.2026 17:46:56.972] [Render thread/WARN] [net.minecraft.world.item.crafting.RecipeManager/]: Recipe hephaestus:smeltery/casting/table/ftbmaterials_compat/metal/electrum/ingot_cast can't be placed due to empty ingredients and will be ignored
[27set.2026 17:46:56.972] [Render thread/WARN] [net.minecraft.world.item.crafting.RecipeManager/]: Recipe hephaestus:smeltery/casting/table/ftbmaterials_compat/metal/electrum/nugget_cast can't be placed due to empty ingredients and will be ignored
[27set.2026 17:46:56.972] [Render thread/WARN] [net.minecraft.world.item.crafting.RecipeManager/]: Recipe hephaestus:smeltery/casting/table/ftbmaterials_compat/metal/electrum/plate_cast can't be placed due to empty ingredients and will be ignored
[27set.2026 17:46:56.972] [Render thread/WARN] [net.minecraft.world.item.crafting.RecipeManager/]: Recipe hephaestus:smeltery/casting/table/ftbmaterials_compat/metal/electrum/rod_cast can't be placed due to empty ingredients and will be ignored
[27set.2026 17:46:56.972] [Render thread/WARN] [net.minecraft.world.item.crafting.RecipeManager/]: Recipe hephaestus:smeltery/casting/table/ftbmaterials_compat/metal/invar/gear_cast can't be placed due to empty ingredients and will be ignored
[27set.2026 17:46:56.972] [Render thread/WARN] [net.minecraft.world.item.crafting.RecipeManager/]: Recipe hephaestus:smeltery/casting/table/ftbmaterials_compat/metal/invar/ingot_cast can't be placed due to empty ingredients and will be ignored
[27set.2026 17:46:56.972] [Render thread/WARN] [net.minecraft.world.item.crafting.RecipeManager/]: Recipe hephaestus:smeltery/casting/table/ftbmaterials_compat/metal/invar/nugget_cast can't be placed due to empty ingredients and will be ignored
[27set.2026 17:46:56.972] [Render thread/WARN] [net.minecraft.world.item.crafting.RecipeManager/]: Recipe hephaestus:smeltery/casting/table/ftbmaterials_compat/metal/invar/plate_cast can't be placed due to empty ingredients and will be ignored
[27set.2026 17:46:56.972] [Render thread/WARN] [net.minecraft.world.item.crafting.RecipeManager/]: Recipe hephaestus:smeltery/casting/table/ftbmaterials_compat/metal/invar/rod_cast can't be placed due to empty ingredients and will be ignored
[27set.2026 17:46:56.972] [Render thread/WARN] [net.minecraft.world.item.crafting.RecipeManager/]: Recipe hephaestus:smeltery/casting/table/ftbmaterials_compat/metal/iridium/gear_cast can't be placed due to empty ingredients and will be ignored
[27set.2026 17:46:56.972] [Render thread/WARN] [net.minecraft.world.item.crafting.RecipeManager/]: Recipe hephaestus:smeltery/casting/table/ftbmaterials_compat/metal/iridium/ingot_cast can't be placed due to empty ingredients and will be ignored
[27set.2026 17:46:56.972] [Render thread/WARN] [net.minecraft.world.item.crafting.RecipeManager/]: Recipe hephaestus:smeltery/casting/table/ftbmaterials_compat/metal/iridium/nugget_cast can't be placed due to empty ingredients and will be ignored
[27set.2026 17:46:56.972] [Render thread/WARN] [net.minecraft.world.item.crafting.RecipeManager/]: Recipe hephaestus:smeltery/casting/table/ftbmaterials_compat/metal/iridium/plate_cast can't be placed due to empty ingredients and will be ignored
[27set.2026 17:46:56.972] [Render thread/WARN] [net.minecraft.world.item.crafting.RecipeManager/]: Recipe hephaestus:smeltery/casting/table/ftbmaterials_compat/metal/iridium/rod_cast can't be placed due to empty ingredients and will be ignored
[27set.2026 17:46:56.972] [Render thread/WARN] [net.minecraft.world.item.crafting.RecipeManager/]: Recipe hephaestus:smeltery/casting/table/ftbmaterials_compat/metal/lead/gear_cast can't be placed due to empty ingredients and will be ignored
[27set.2026 17:46:56.972] [Render thread/WARN] [net.minecraft.world.item.crafting.RecipeManager/]: Recipe hephaestus:smeltery/casting/table/ftbmaterials_compat/metal/lead/ingot_cast can't be placed due to empty ingredients and will be ignored
[27set.2026 17:46:56.972] [Render thread/WARN] [net.minecraft.world.item.crafting.RecipeManager/]: Recipe hephaestus:smeltery/casting/table/ftbmaterials_compat/metal/lead/nugget_cast can't be placed due to empty ingredients and will be ignored
[27set.2026 17:46:56.972] [Render thread/WARN] [net.minecraft.world.item.crafting.RecipeManager/]: Recipe hephaestus:smeltery/casting/table/ftbmaterials_compat/metal/lead/plate_cast can't be placed due to empty ingredients and will be ignored
[27set.2026 17:46:56.972] [Render thread/WARN] [net.minecraft.world.item.crafting.RecipeManager/]: Recipe hephaestus:smeltery/casting/table/ftbmaterials_compat/metal/lead/rod_cast can't be placed due to empty ingredients and will be ignored
[27set.2026 17:46:56.972] [Render thread/WARN] [net.minecraft.world.item.crafting.RecipeManager/]: Recipe hephaestus:smeltery/casting/table/ftbmaterials_compat/metal/nickel/gear_cast can't be placed due to empty ingredients and will be ignored
[27set.2026 17:46:56.972] [Render thread/WARN] [net.minecraft.world.item.crafting.RecipeManager/]: Recipe hephaestus:smeltery/casting/table/ftbmaterials_compat/metal/nickel/ingot_cast can't be placed due to empty ingredients and will be ignored
[27set.2026 17:46:56.972] [Render thread/WARN] [net.minecraft.world.item.crafting.RecipeManager/]: Recipe hephaestus:smeltery/casting/table/ftbmaterials_compat/metal/nickel/nugget_cast can't be placed due to empty ingredients and will be ignored
[27set.2026 17:46:56.972] [Render thread/WARN] [net.minecraft.world.item.crafting.RecipeManager/]: Recipe hephaestus:smeltery/casting/table/ftbmaterials_compat/metal/nickel/plate_cast can't be placed due to empty ingredients and will be ignored
[27set.2026 17:46:56.972] [Render thread/WARN] [net.minecraft.world.item.crafting.RecipeManager/]: Recipe hephaestus:smeltery/casting/table/ftbmaterials_compat/metal/nickel/rod_cast can't be placed due to empty ingredients and will be ignored
[27set.2026 17:46:56.972] [Render thread/WARN] [net.minecraft.world.item.crafting.RecipeManager/]: Recipe hephaestus:smeltery/casting/table/ftbmaterials_compat/metal/silver/gear_cast can't be placed due to empty ingredients and will be ignored
[27set.2026 17:46:56.972] [Render thread/WARN] [net.minecraft.world.item.crafting.RecipeManager/]: Recipe hephaestus:smeltery/casting/table/ftbmaterials_compat/metal/silver/ingot_cast can't be placed due to empty ingredients and will be ignored
[27set.2026 17:46:56.972] [Render thread/WARN] [net.minecraft.world.item.crafting.RecipeManager/]: Recipe hephaestus:smeltery/casting/table/ftbmaterials_compat/metal/silver/nugget_cast can't be placed due to empty ingredients and will be ignored
[27set.2026 17:46:56.972] [Render thread/WARN] [net.minecraft.world.item.crafting.RecipeManager/]: Recipe hephaestus:smeltery/casting/table/ftbmaterials_compat/metal/silver/plate_cast can't be placed due to empty ingredients and will be ignored
[27set.2026 17:46:56.972] [Render thread/WARN] [net.minecraft.world.item.crafting.RecipeManager/]: Recipe hephaestus:smeltery/casting/table/ftbmaterials_compat/metal/silver/rod_cast can't be placed due to empty ingredients and will be ignored
[27set.2026 17:46:56.972] [Render thread/WARN] [net.minecraft.world.item.crafting.RecipeManager/]: Recipe hephaestus:smeltery/casting/table/ftbmaterials_compat/metal/tin/gear_cast can't be placed due to empty ingredients and will be ignored
[27set.2026 17:46:56.972] [Render thread/WARN] [net.minecraft.world.item.crafting.RecipeManager/]: Recipe hephaestus:smeltery/casting/table/ftbmaterials_compat/metal/tin/ingot_cast can't be placed due to empty ingredients and will be ignored
[27set.2026 17:46:56.972] [Render thread/WARN] [net.minecraft.world.item.crafting.RecipeManager/]: Recipe hephaestus:smeltery/casting/table/ftbmaterials_compat/metal/tin/nugget_cast can't be placed due to empty ingredients and will be ignored
[27set.2026 17:46:56.972] [Render thread/WARN] [net.minecraft.world.item.crafting.RecipeManager/]: Recipe hephaestus:smeltery/casting/table/ftbmaterials_compat/metal/tin/plate_cast can't be placed due to empty ingredients and will be ignored
[27set.2026 17:46:56.972] [Render thread/WARN] [net.minecraft.world.item.crafting.RecipeManager/]: Recipe hephaestus:smeltery/casting/table/ftbmaterials_compat/metal/tin/rod_cast can't be placed due to empty ingredients and will be ignored
[27set.2026 17:46:56.972] [Render thread/WARN] [net.minecraft.world.item.crafting.RecipeManager/]: Recipe hephaestus:smeltery/casting/table/ftbmaterials_compat/metal/uranium/gear_cast can't be placed due to empty ingredients and will be ignored
[27set.2026 17:46:56.972] [Render thread/WARN] [net.minecraft.world.item.crafting.RecipeManager/]: Recipe hephaestus:smeltery/casting/table/ftbmaterials_compat/metal/uranium/ingot_cast can't be placed due to empty ingredients and will be ignored
[27set.2026 17:46:56.972] [Render thread/WARN] [net.minecraft.world.item.crafting.RecipeManager/]: Recipe hephaestus:smeltery/casting/table/ftbmaterials_compat/metal/uranium/nugget_cast can't be placed due to empty ingredients and will be ignored
[27set.2026 17:46:56.972] [Render thread/WARN] [net.minecraft.world.item.crafting.RecipeManager/]: Recipe hephaestus:smeltery/casting/table/ftbmaterials_compat/metal/uranium/plate_cast can't be placed due to empty ingredients and will be ignored
[27set.2026 17:46:56.972] [Render thread/WARN] [net.minecraft.world.item.crafting.RecipeManager/]: Recipe hephaestus:smeltery/casting/table/ftbmaterials_compat/metal/uranium/rod_cast can't be placed due to empty ingredients and will be ignored
[27set.2026 17:46:56.972] [Render thread/WARN] [net.minecraft.world.item.crafting.RecipeManager/]: Recipe hephaestus:smeltery/casting/table/gem/amethyst/gem_cast can't be placed due to empty ingredients and will be ignored
[27set.2026 17:46:56.972] [Render thread/WARN] [net.minecraft.world.item.crafting.RecipeManager/]: Recipe hephaestus:smeltery/casting/table/gem/diamond/gem_cast can't be placed due to empty ingredients and will be ignored
[27set.2026 17:46:56.972] [Render thread/WARN] [net.minecraft.world.item.crafting.RecipeManager/]: Recipe hephaestus:smeltery/casting/table/gem/emerald/gem_cast can't be placed due to empty ingredients and will be ignored
[27set.2026 17:46:56.973] [Render thread/WARN] [net.minecraft.world.item.crafting.RecipeManager/]: Recipe hephaestus:smeltery/casting/table/gem/quartz/gem_cast can't be placed due to empty ingredients and will be ignored
[27set.2026 17:46:56.973] [Render thread/WARN] [net.minecraft.world.item.crafting.RecipeManager/]: Recipe hephaestus:smeltery/casting/table/metal/cobalt/ingot_cast can't be placed due to empty ingredients and will be ignored
[27set.2026 17:46:56.973] [Render thread/WARN] [net.minecraft.world.item.crafting.RecipeManager/]: Recipe hephaestus:smeltery/casting/table/metal/cobalt/nugget_cast can't be placed due to empty ingredients and will be ignored
[27set.2026 17:46:56.973] [Render thread/WARN] [net.minecraft.world.item.crafting.RecipeManager/]: Recipe hephaestus:smeltery/casting/table/metal/copper/ingot_cast can't be placed due to empty ingredients and will be ignored
[27set.2026 17:46:56.973] [Render thread/WARN] [net.minecraft.world.item.crafting.RecipeManager/]: Recipe hephaestus:smeltery/casting/table/metal/gold/ingot_cast can't be placed due to empty ingredients and will be ignored
[27set.2026 17:46:56.973] [Render thread/WARN] [net.minecraft.world.item.crafting.RecipeManager/]: Recipe hephaestus:smeltery/casting/table/metal/gold/nugget_cast can't be placed due to empty ingredients and will be ignored
[27set.2026 17:46:56.973] [Render thread/WARN] [net.minecraft.world.item.crafting.RecipeManager/]: Recipe hephaestus:smeltery/casting/table/metal/iron/ingot_cast can't be placed due to empty ingredients and will be ignored
[27set.2026 17:46:56.973] [Render thread/WARN] [net.minecraft.world.item.crafting.RecipeManager/]: Recipe hephaestus:smeltery/casting/table/metal/iron/nugget_cast can't be placed due to empty ingredients and will be ignored
[27set.2026 17:46:56.973] [Render thread/WARN] [net.minecraft.world.item.crafting.RecipeManager/]: Recipe hephaestus:smeltery/casting/table/metal/netherite/ingot_cast can't be placed due to empty ingredients and will be ignored
[27set.2026 17:46:56.973] [Render thread/WARN] [net.minecraft.world.item.crafting.RecipeManager/]: Recipe hephaestus:smeltery/casting/table/metal/steel/ingot_cast can't be placed due to empty ingredients and will be ignored
[27set.2026 17:46:56.973] [Render thread/WARN] [net.minecraft.world.item.crafting.RecipeManager/]: Recipe hephaestus:smeltery/casting/table/metal/steel/nugget_cast can't be placed due to empty ingredients and will be ignored
[27set.2026 17:46:56.973] [Render thread/WARN] [net.minecraft.world.item.crafting.RecipeManager/]: Recipe hephaestus:smeltery/melting/armor/chainmail_boots can't be placed due to empty ingredients and will be ignored
[27set.2026 17:46:56.973] [Render thread/WARN] [net.minecraft.world.item.crafting.RecipeManager/]: Recipe hephaestus:smeltery/melting/armor/chainmail_chestplate can't be placed due to empty ingredients and will be ignored
[27set.2026 17:46:56.973] [Render thread/WARN] [net.minecraft.world.item.crafting.RecipeManager/]: Recipe hephaestus:smeltery/melting/armor/chainmail_helmet can't be placed due to empty ingredients and will be ignored
[27set.2026 17:46:56.973] [Render thread/WARN] [net.minecraft.world.item.crafting.RecipeManager/]: Recipe hephaestus:smeltery/melting/armor/chainmail_leggings can't be placed due to empty ingredients and will be ignored
[27set.2026 17:46:56.973] [Render thread/WARN] [net.minecraft.world.item.crafting.RecipeManager/]: Recipe hephaestus:smeltery/melting/armor/diamond_boots can't be placed due to empty ingredients and will be ignored
[27set.2026 17:46:56.973] [Render thread/WARN] [net.minecraft.world.item.crafting.RecipeManager/]: Recipe hephaestus:smeltery/melting/armor/diamond_chestplate can't be placed due to empty ingredients and will be ignored
[27set.2026 17:46:56.973] [Render thread/WARN] [net.minecraft.world.item.crafting.RecipeManager/]: Recipe hephaestus:smeltery/melting/armor/diamond_helmet can't be placed due to empty ingredients and will be ignored
[27set.2026 17:46:56.973] [Render thread/WARN] [net.minecraft.world.item.crafting.RecipeManager/]: Recipe hephaestus:smeltery/melting/armor/diamond_leggings can't be placed due to empty ingredients and will be ignored
[27set.2026 17:46:56.973] [Render thread/WARN] [net.minecraft.world.item.crafting.RecipeManager/]: Recipe hephaestus:smeltery/melting/armor/golden_boots can't be placed due to empty ingredients and will be ignored
[27set.2026 17:46:56.973] [Render thread/WARN] [net.minecraft.world.item.crafting.RecipeManager/]: Recipe hephaestus:smeltery/melting/armor/golden_chestplate can't be placed due to empty ingredients and will be ignored
[27set.2026 17:46:56.973] [Render thread/WARN] [net.minecraft.world.item.crafting.RecipeManager/]: Recipe hephaestus:smeltery/melting/armor/golden_helmet can't be placed due to empty ingredients and will be ignored
[27set.2026 17:46:56.973] [Render thread/WARN] [net.minecraft.world.item.crafting.RecipeManager/]: Recipe hephaestus:smeltery/melting/armor/golden_leggings can't be placed due to empty ingredients and will be ignored
[27set.2026 17:46:56.974] [Render thread/WARN] [net.minecraft.world.item.crafting.RecipeManager/]: Recipe hephaestus:smeltery/melting/armor/iron_boots can't be placed due to empty ingredients and will be ignored
[27set.2026 17:46:56.974] [Render thread/WARN] [net.minecraft.world.item.crafting.RecipeManager/]: Recipe hephaestus:smeltery/melting/armor/iron_chestplate can't be placed due to empty ingredients and will be ignored
[27set.2026 17:46:56.974] [Render thread/WARN] [net.minecraft.world.item.crafting.RecipeManager/]: Recipe hephaestus:smeltery/melting/armor/iron_helmet can't be placed due to empty ingredients and will be ignored
[27set.2026 17:46:56.974] [Render thread/WARN] [net.minecraft.world.item.crafting.RecipeManager/]: Recipe hephaestus:smeltery/melting/armor/iron_leggings can't be placed due to empty ingredients and will be ignored
[27set.2026 17:46:56.974] [Render thread/WARN] [net.minecraft.world.item.crafting.RecipeManager/]: Recipe hephaestus:smeltery/melting/armor/netherite_boots can't be placed due to empty ingredients and will be ignored
[27set.2026 17:46:56.974] [Render thread/WARN] [net.minecraft.world.item.crafting.RecipeManager/]: Recipe hephaestus:smeltery/melting/armor/netherite_chestplate can't be placed due to empty ingredients and will be ignored
[27set.2026 17:46:56.974] [Render thread/WARN] [net.minecraft.world.item.crafting.RecipeManager/]: Recipe hephaestus:smeltery/melting/armor/netherite_helmet can't be placed due to empty ingredients and will be ignored
[27set.2026 17:46:56.974] [Render thread/WARN] [net.minecraft.world.item.crafting.RecipeManager/]: Recipe hephaestus:smeltery/melting/armor/netherite_leggings can't be placed due to empty ingredients and will be ignored
[27set.2026 17:46:56.974] [Render thread/WARN] [net.minecraft.world.item.crafting.RecipeManager/]: Recipe hephaestus:smeltery/melting/ftbmaterials_compat/metal/aluminum/block can't be placed due to empty ingredients and will be ignored
[27set.2026 17:46:56.974] [Render thread/WARN] [net.minecraft.world.item.crafting.RecipeManager/]: Recipe hephaestus:smeltery/melting/ftbmaterials_compat/metal/aluminum/dust can't be placed due to empty ingredients and will be ignored
[27set.2026 17:46:56.974] [Render thread/WARN] [net.minecraft.world.item.crafting.RecipeManager/]: Recipe hephaestus:smeltery/melting/ftbmaterials_compat/metal/aluminum/gear can't be placed due to empty ingredients and will be ignored
[27set.2026 17:46:56.974] [Render thread/WARN] [net.minecraft.world.item.crafting.RecipeManager/]: Recipe hephaestus:smeltery/melting/ftbmaterials_compat/metal/aluminum/ingot can't be placed due to empty ingredients and will be ignored
[27set.2026 17:46:56.974] [Render thread/WARN] [net.minecraft.world.item.crafting.RecipeManager/]: Recipe hephaestus:smeltery/melting/ftbmaterials_compat/metal/aluminum/nugget can't be placed due to empty ingredients and will be ignored
[27set.2026 17:46:56.974] [Render thread/WARN] [net.minecraft.world.item.crafting.RecipeManager/]: Recipe hephaestus:smeltery/melting/ftbmaterials_compat/metal/aluminum/plate can't be placed due to empty ingredients and will be ignored
[27set.2026 17:46:56.974] [Render thread/WARN] [net.minecraft.world.item.crafting.RecipeManager/]: Recipe hephaestus:smeltery/melting/ftbmaterials_compat/metal/aluminum/raw can't be placed due to empty ingredients and will be ignored
[27set.2026 17:46:56.974] [Render thread/WARN] [net.minecraft.world.item.crafting.RecipeManager/]: Recipe hephaestus:smeltery/melting/ftbmaterials_compat/metal/aluminum/raw_block can't be placed due to empty ingredients and will be ignored
[27set.2026 17:46:56.974] [Render thread/WARN] [net.minecraft.world.item.crafting.RecipeManager/]: Recipe hephaestus:smeltery/melting/ftbmaterials_compat/metal/aluminum/rod can't be placed due to empty ingredients and will be ignored
[27set.2026 17:46:56.974] [Render thread/WARN] [net.minecraft.world.item.crafting.RecipeManager/]: Recipe hephaestus:smeltery/melting/ftbmaterials_compat/metal/bronze/block can't be placed due to empty ingredients and will be ignored
[27set.2026 17:46:56.974] [Render thread/WARN] [net.minecraft.world.item.crafting.RecipeManager/]: Recipe hephaestus:smeltery/melting/ftbmaterials_compat/metal/bronze/dust can't be placed due to empty ingredients and will be ignored
[27set.2026 17:46:56.974] [Render thread/WARN] [net.minecraft.world.item.crafting.RecipeManager/]: Recipe hephaestus:smeltery/melting/ftbmaterials_compat/metal/bronze/gear can't be placed due to empty ingredients and will be ignored
[27set.2026 17:46:56.974] [Render thread/WARN] [net.minecraft.world.item.crafting.RecipeManager/]: Recipe hephaestus:smeltery/melting/ftbmaterials_compat/metal/bronze/ingot can't be placed due to empty ingredients and will be ignored
[27set.2026 17:46:56.974] [Render thread/WARN] [net.minecraft.world.item.crafting.RecipeManager/]: Recipe hephaestus:smeltery/melting/ftbmaterials_compat/metal/bronze/nugget can't be placed due to empty ingredients and will be ignored
[27set.2026 17:46:56.974] [Render thread/WARN] [net.minecraft.world.item.crafting.RecipeManager/]: Recipe hephaestus:smeltery/melting/ftbmaterials_compat/metal/bronze/plate can't be placed due to empty ingredients and will be ignored
[27set.2026 17:46:56.974] [Render thread/WARN] [net.minecraft.world.item.crafting.RecipeManager/]: Recipe hephaestus:smeltery/melting/ftbmaterials_compat/metal/bronze/raw can't be placed due to empty ingredients and will be ignored
[27set.2026 17:46:56.974] [Render thread/WARN] [net.minecraft.world.item.crafting.RecipeManager/]: Recipe hephaestus:smeltery/melting/ftbmaterials_compat/metal/bronze/rod can't be placed due to empty ingredients and will be ignored
[27set.2026 17:46:56.974] [Render thread/WARN] [net.minecraft.world.item.crafting.RecipeManager/]: Recipe hephaestus:smeltery/melting/ftbmaterials_compat/metal/constantan/block can't be placed due to empty ingredients and will be ignored
[27set.2026 17:46:56.974] [Render thread/WARN] [net.minecraft.world.item.crafting.RecipeManager/]: Recipe hephaestus:smeltery/melting/ftbmaterials_compat/metal/constantan/dust can't be placed due to empty ingredients and will be ignored
[27set.2026 17:46:56.974] [Render thread/WARN] [net.minecraft.world.item.crafting.RecipeManager/]: Recipe hephaestus:smeltery/melting/ftbmaterials_compat/metal/constantan/gear can't be placed due to empty ingredients and will be ignored
[27set.2026 17:46:56.974] [Render thread/WARN] [net.minecraft.world.item.crafting.RecipeManager/]: Recipe hephaestus:smeltery/melting/ftbmaterials_compat/metal/constantan/ingot can't be placed due to empty ingredients and will be ignored
[27set.2026 17:46:56.974] [Render thread/WARN] [net.minecraft.world.item.crafting.RecipeManager/]: Recipe hephaestus:smeltery/melting/ftbmaterials_compat/metal/constantan/nugget can't be placed due to empty ingredients and will be ignored
[27set.2026 17:46:56.974] [Render thread/WARN] [net.minecraft.world.item.crafting.RecipeManager/]: Recipe hephaestus:smeltery/melting/ftbmaterials_compat/metal/constantan/plate can't be placed due to empty ingredients and will be ignored
[27set.2026 17:46:56.974] [Render thread/WARN] [net.minecraft.world.item.crafting.RecipeManager/]: Recipe hephaestus:smeltery/melting/ftbmaterials_compat/metal/constantan/raw can't be placed due to empty ingredients and will be ignored
[27set.2026 17:46:56.975] [Render thread/WARN] [net.minecraft.world.item.crafting.RecipeManager/]: Recipe hephaestus:smeltery/melting/ftbmaterials_compat/metal/constantan/rod can't be placed due to empty ingredients and will be ignored
[27set.2026 17:46:56.975] [Render thread/WARN] [net.minecraft.world.item.crafting.RecipeManager/]: Recipe hephaestus:smeltery/melting/ftbmaterials_compat/metal/electrum/block can't be placed due to empty ingredients and will be ignored
[27set.2026 17:46:56.975] [Render thread/WARN] [net.minecraft.world.item.crafting.RecipeManager/]: Recipe hephaestus:smeltery/melting/ftbmaterials_compat/metal/electrum/dust can't be placed due to empty ingredients and will be ignored
[27set.2026 17:46:56.975] [Render thread/WARN] [net.minecraft.world.item.crafting.RecipeManager/]: Recipe hephaestus:smeltery/melting/ftbmaterials_compat/metal/electrum/gear can't be placed due to empty ingredients and will be ignored
[27set.2026 17:46:56.975] [Render thread/WARN] [net.minecraft.world.item.crafting.RecipeManager/]: Recipe hephaestus:smeltery/melting/ftbmaterials_compat/metal/electrum/ingot can't be placed due to empty ingredients and will be ignored
[27set.2026 17:46:56.975] [Render thread/WARN] [net.minecraft.world.item.crafting.RecipeManager/]: Recipe hephaestus:smeltery/melting/ftbmaterials_compat/metal/electrum/nugget can't be placed due to empty ingredients and will be ignored
[27set.2026 17:46:56.975] [Render thread/WARN] [net.minecraft.world.item.crafting.RecipeManager/]: Recipe hephaestus:smeltery/melting/ftbmaterials_compat/metal/electrum/plate can't be placed due to empty ingredients and will be ignored
[27set.2026 17:46:56.975] [Render thread/WARN] [net.minecraft.world.item.crafting.RecipeManager/]: Recipe hephaestus:smeltery/melting/ftbmaterials_compat/metal/electrum/rod can't be placed due to empty ingredients and will be ignored
[27set.2026 17:46:56.975] [Render thread/WARN] [net.minecraft.world.item.crafting.RecipeManager/]: Recipe hephaestus:smeltery/melting/ftbmaterials_compat/metal/invar/block can't be placed due to empty ingredients and will be ignored
[27set.2026 17:46:56.975] [Render thread/WARN] [net.minecraft.world.item.crafting.RecipeManager/]: Recipe hephaestus:smeltery/melting/ftbmaterials_compat/metal/invar/dust can't be placed due to empty ingredients and will be ignored
[27set.2026 17:46:56.975] [Render thread/WARN] [net.minecraft.world.item.crafting.RecipeManager/]: Recipe hephaestus:smeltery/melting/ftbmaterials_compat/metal/invar/gear can't be placed due to empty ingredients and will be ignored
[27set.2026 17:46:56.975] [Render thread/WARN] [net.minecraft.world.item.crafting.RecipeManager/]: Recipe hephaestus:smeltery/melting/ftbmaterials_compat/metal/invar/ingot can't be placed due to empty ingredients and will be ignored
[27set.2026 17:46:56.975] [Render thread/WARN] [net.minecraft.world.item.crafting.RecipeManager/]: Recipe hephaestus:smeltery/melting/ftbmaterials_compat/metal/invar/nugget can't be placed due to empty ingredients and will be ignored
[27set.2026 17:46:56.975] [Render thread/WARN] [net.minecraft.world.item.crafting.RecipeManager/]: Recipe hephaestus:smeltery/melting/ftbmaterials_compat/metal/invar/plate can't be placed due to empty ingredients and will be ignored
[27set.2026 17:46:56.975] [Render thread/WARN] [net.minecraft.world.item.crafting.RecipeManager/]: Recipe hephaestus:smeltery/melting/ftbmaterials_compat/metal/invar/rod can't be placed due to empty ingredients and will be ignored
[27set.2026 17:46:56.975] [Render thread/WARN] [net.minecraft.world.item.crafting.RecipeManager/]: Recipe hephaestus:smeltery/melting/ftbmaterials_compat/metal/iridium/block can't be placed due to empty ingredients and will be ignored
[27set.2026 17:46:56.975] [Render thread/WARN] [net.minecraft.world.item.crafting.RecipeManager/]: Recipe hephaestus:smeltery/melting/ftbmaterials_compat/metal/iridium/dust can't be placed due to empty ingredients and will be ignored
[27set.2026 17:46:56.975] [Render thread/WARN] [net.minecraft.world.item.crafting.RecipeManager/]: Recipe hephaestus:smeltery/melting/ftbmaterials_compat/metal/iridium/gear can't be placed due to empty ingredients and will be ignored
[27set.2026 17:46:56.975] [Render thread/WARN] [net.minecraft.world.item.crafting.RecipeManager/]: Recipe hephaestus:smeltery/melting/ftbmaterials_compat/metal/iridium/ingot can't be placed due to empty ingredients and will be ignored
[27set.2026 17:46:56.975] [Render thread/WARN] [net.minecraft.world.item.crafting.RecipeManager/]: Recipe hephaestus:smeltery/melting/ftbmaterials_compat/metal/iridium/nugget can't be placed due to empty ingredients and will be ignored
[27set.2026 17:46:56.975] [Render thread/WARN] [net.minecraft.world.item.crafting.RecipeManager/]: Recipe hephaestus:smeltery/melting/ftbmaterials_compat/metal/iridium/plate can't be placed due to empty ingredients and will be ignored
[27set.2026 17:46:56.975] [Render thread/WARN] [net.minecraft.world.item.crafting.RecipeManager/]: Recipe hephaestus:smeltery/melting/ftbmaterials_compat/metal/iridium/raw can't be placed due to empty ingredients and will be ignored
[27set.2026 17:46:56.975] [Render thread/WARN] [net.minecraft.world.item.crafting.RecipeManager/]: Recipe hephaestus:smeltery/melting/ftbmaterials_compat/metal/iridium/raw_block can't be placed due to empty ingredients and will be ignored
[27set.2026 17:46:56.975] [Render thread/WARN] [net.minecraft.world.item.crafting.RecipeManager/]: Recipe hephaestus:smeltery/melting/ftbmaterials_compat/metal/iridium/rod can't be placed due to empty ingredients and will be ignored
[27set.2026 17:46:56.975] [Render thread/WARN] [net.minecraft.world.item.crafting.RecipeManager/]: Recipe hephaestus:smeltery/melting/ftbmaterials_compat/metal/lead/block can't be placed due to empty ingredients and will be ignored
[27set.2026 17:46:56.975] [Render thread/WARN] [net.minecraft.world.item.crafting.RecipeManager/]: Recipe hephaestus:smeltery/melting/ftbmaterials_compat/metal/lead/dust can't be placed due to empty ingredients and will be ignored
[27set.2026 17:46:56.975] [Render thread/WARN] [net.minecraft.world.item.crafting.RecipeManager/]: Recipe hephaestus:smeltery/melting/ftbmaterials_compat/metal/lead/gear can't be placed due to empty ingredients and will be ignored
[27set.2026 17:46:56.975] [Render thread/WARN] [net.minecraft.world.item.crafting.RecipeManager/]: Recipe hephaestus:smeltery/melting/ftbmaterials_compat/metal/lead/ingot can't be placed due to empty ingredients and will be ignored
[27set.2026 17:46:56.975] [Render thread/WARN] [net.minecraft.world.item.crafting.RecipeManager/]: Recipe hephaestus:smeltery/melting/ftbmaterials_compat/metal/lead/nugget can't be placed due to empty ingredients and will be ignored
[27set.2026 17:46:56.975] [Render thread/WARN] [net.minecraft.world.item.crafting.RecipeManager/]: Recipe hephaestus:smeltery/melting/ftbmaterials_compat/metal/lead/plate can't be placed due to empty ingredients and will be ignored
[27set.2026 17:46:56.975] [Render thread/WARN] [net.minecraft.world.item.crafting.RecipeManager/]: Recipe hephaestus:smeltery/melting/ftbmaterials_compat/metal/lead/raw can't be placed due to empty ingredients and will be ignored
[27set.2026 17:46:56.975] [Render thread/WARN] [net.minecraft.world.item.crafting.RecipeManager/]: Recipe hephaestus:smeltery/melting/ftbmaterials_compat/metal/lead/raw_block can't be placed due to empty ingredients and will be ignored
[27set.2026 17:46:56.975] [Render thread/WARN] [net.minecraft.world.item.crafting.RecipeManager/]: Recipe hephaestus:smeltery/melting/ftbmaterials_compat/metal/lead/rod can't be placed due to empty ingredients and will be ignored
[27set.2026 17:46:56.976] [Render thread/WARN] [net.minecraft.world.item.crafting.RecipeManager/]: Recipe hephaestus:smeltery/melting/ftbmaterials_compat/metal/nickel/block can't be placed due to empty ingredients and will be ignored
[27set.2026 17:46:56.976] [Render thread/WARN] [net.minecraft.world.item.crafting.RecipeManager/]: Recipe hephaestus:smeltery/melting/ftbmaterials_compat/metal/nickel/dust can't be placed due to empty ingredients and will be ignored
[27set.2026 17:46:56.976] [Render thread/WARN] [net.minecraft.world.item.crafting.RecipeManager/]: Recipe hephaestus:smeltery/melting/ftbmaterials_compat/metal/nickel/gear can't be placed due to empty ingredients and will be ignored
[27set.2026 17:46:56.976] [Render thread/WARN] [net.minecraft.world.item.crafting.RecipeManager/]: Recipe hephaestus:smeltery/melting/ftbmaterials_compat/metal/nickel/ingot can't be placed due to empty ingredients and will be ignored
[27set.2026 17:46:56.976] [Render thread/WARN] [net.minecraft.world.item.crafting.RecipeManager/]: Recipe hephaestus:smeltery/melting/ftbmaterials_compat/metal/nickel/nugget can't be placed due to empty ingredients and will be ignored
[27set.2026 17:46:56.976] [Render thread/WARN] [net.minecraft.world.item.crafting.RecipeManager/]: Recipe hephaestus:smeltery/melting/ftbmaterials_compat/metal/nickel/plate can't be placed due to empty ingredients and will be ignored
[27set.2026 17:46:56.976] [Render thread/WARN] [net.minecraft.world.item.crafting.RecipeManager/]: Recipe hephaestus:smeltery/melting/ftbmaterials_compat/metal/nickel/raw can't be placed due to empty ingredients and will be ignored
[27set.2026 17:46:56.976] [Render thread/WARN] [net.minecraft.world.item.crafting.RecipeManager/]: Recipe hephaestus:smeltery/melting/ftbmaterials_compat/metal/nickel/raw_block can't be placed due to empty ingredients and will be ignored
[27set.2026 17:46:56.976] [Render thread/WARN] [net.minecraft.world.item.crafting.RecipeManager/]: Recipe hephaestus:smeltery/melting/ftbmaterials_compat/metal/nickel/rod can't be placed due to empty ingredients and will be ignored
[27set.2026 17:46:56.976] [Render thread/WARN] [net.minecraft.world.item.crafting.RecipeManager/]: Recipe hephaestus:smeltery/melting/ftbmaterials_compat/metal/silver/block can't be placed due to empty ingredients and will be ignored
[27set.2026 17:46:56.976] [Render thread/WARN] [net.minecraft.world.item.crafting.RecipeManager/]: Recipe hephaestus:smeltery/melting/ftbmaterials_compat/metal/silver/dust can't be placed due to empty ingredients and will be ignored
[27set.2026 17:46:56.976] [Render thread/WARN] [net.minecraft.world.item.crafting.RecipeManager/]: Recipe hephaestus:smeltery/melting/ftbmaterials_compat/metal/silver/gear can't be placed due to empty ingredients and will be ignored
[27set.2026 17:46:56.976] [Render thread/WARN] [net.minecraft.world.item.crafting.RecipeManager/]: Recipe hephaestus:smeltery/melting/ftbmaterials_compat/metal/silver/ingot can't be placed due to empty ingredients and will be ignored
[27set.2026 17:46:56.976] [Render thread/WARN] [net.minecraft.world.item.crafting.RecipeManager/]: Recipe hephaestus:smeltery/melting/ftbmaterials_compat/metal/silver/nugget can't be placed due to empty ingredients and will be ignored
[27set.2026 17:46:56.976] [Render thread/WARN] [net.minecraft.world.item.crafting.RecipeManager/]: Recipe hephaestus:smeltery/melting/ftbmaterials_compat/metal/silver/plate can't be placed due to empty ingredients and will be ignored
[27set.2026 17:46:56.976] [Render thread/WARN] [net.minecraft.world.item.crafting.RecipeManager/]: Recipe hephaestus:smeltery/melting/ftbmaterials_compat/metal/silver/raw can't be placed due to empty ingredients and will be ignored
[27set.2026 17:46:56.976] [Render thread/WARN] [net.minecraft.world.item.crafting.RecipeManager/]: Recipe hephaestus:smeltery/melting/ftbmaterials_compat/metal/silver/raw_block can't be placed due to empty ingredients and will be ignored
[27set.2026 17:46:56.976] [Render thread/WARN] [net.minecraft.world.item.crafting.RecipeManager/]: Recipe hephaestus:smeltery/melting/ftbmaterials_compat/metal/silver/rod can't be placed due to empty ingredients and will be ignored
[27set.2026 17:46:56.976] [Render thread/WARN] [net.minecraft.world.item.crafting.RecipeManager/]: Recipe hephaestus:smeltery/melting/ftbmaterials_compat/metal/tin/block can't be placed due to empty ingredients and will be ignored
[27set.2026 17:46:56.976] [Render thread/WARN] [net.minecraft.world.item.crafting.RecipeManager/]: Recipe hephaestus:smeltery/melting/ftbmaterials_compat/metal/tin/dust can't be placed due to empty ingredients and will be ignored
[27set.2026 17:46:56.976] [Render thread/WARN] [net.minecraft.world.item.crafting.RecipeManager/]: Recipe hephaestus:smeltery/melting/ftbmaterials_compat/metal/tin/gear can't be placed due to empty ingredients and will be ignored
[27set.2026 17:46:56.976] [Render thread/WARN] [net.minecraft.world.item.crafting.RecipeManager/]: Recipe hephaestus:smeltery/melting/ftbmaterials_compat/metal/tin/ingot can't be placed due to empty ingredients and will be ignored
[27set.2026 17:46:56.977] [Render thread/WARN] [net.minecraft.world.item.crafting.RecipeManager/]: Recipe hephaestus:smeltery/melting/ftbmaterials_compat/metal/tin/nugget can't be placed due to empty ingredients and will be ignored
[27set.2026 17:46:56.977] [Render thread/WARN] [net.minecraft.world.item.crafting.RecipeManager/]: Recipe hephaestus:smeltery/melting/ftbmaterials_compat/metal/tin/plate can't be placed due to empty ingredients and will be ignored
[27set.2026 17:46:56.977] [Render thread/WARN] [net.minecraft.world.item.crafting.RecipeManager/]: Recipe hephaestus:smeltery/melting/ftbmaterials_compat/metal/tin/raw can't be placed due to empty ingredients and will be ignored
[27set.2026 17:46:56.977] [Render thread/WARN] [net.minecraft.world.item.crafting.RecipeManager/]: Recipe hephaestus:smeltery/melting/ftbmaterials_compat/metal/tin/raw_block can't be placed due to empty ingredients and will be ignored
[27set.2026 17:46:56.977] [Render thread/WARN] [net.minecraft.world.item.crafting.RecipeManager/]: Recipe hephaestus:smeltery/melting/ftbmaterials_compat/metal/tin/rod can't be placed due to empty ingredients and will be ignored
[27set.2026 17:46:56.977] [Render thread/WARN] [net.minecraft.world.item.crafting.RecipeManager/]: Recipe hephaestus:smeltery/melting/ftbmaterials_compat/metal/uranium/block can't be placed due to empty ingredients and will be ignored
[27set.2026 17:46:56.977] [Render thread/WARN] [net.minecraft.world.item.crafting.RecipeManager/]: Recipe hephaestus:smeltery/melting/ftbmaterials_compat/metal/uranium/dust can't be placed due to empty ingredients and will be ignored
[27set.2026 17:46:56.977] [Render thread/WARN] [net.minecraft.world.item.crafting.RecipeManager/]: Recipe hephaestus:smeltery/melting/ftbmaterials_compat/metal/uranium/gear can't be placed due to empty ingredients and will be ignored
[27set.2026 17:46:56.977] [Render thread/WARN] [net.minecraft.world.item.crafting.RecipeManager/]: Recipe hephaestus:smeltery/melting/ftbmaterials_compat/metal/uranium/ingot can't be placed due to empty ingredients and will be ignored
[27set.2026 17:46:56.977] [Render thread/WARN] [net.minecraft.world.item.crafting.RecipeManager/]: Recipe hephaestus:smeltery/melting/ftbmaterials_compat/metal/uranium/nugget can't be placed due to empty ingredients and will be ignored
[27set.2026 17:46:56.977] [Render thread/WARN] [net.minecraft.world.item.crafting.RecipeManager/]: Recipe hephaestus:smeltery/melting/ftbmaterials_compat/metal/uranium/plate can't be placed due to empty ingredients and will be ignored
[27set.2026 17:46:56.977] [Render thread/WARN] [net.minecraft.world.item.crafting.RecipeManager/]: Recipe hephaestus:smeltery/melting/ftbmaterials_compat/metal/uranium/raw can't be placed due to empty ingredients and will be ignored
[27set.2026 17:46:56.977] [Render thread/WARN] [net.minecraft.world.item.crafting.RecipeManager/]: Recipe hephaestus:smeltery/melting/ftbmaterials_compat/metal/uranium/raw_block can't be placed due to empty ingredients and will be ignored
[27set.2026 17:46:56.977] [Render thread/WARN] [net.minecraft.world.item.crafting.RecipeManager/]: Recipe hephaestus:smeltery/melting/ftbmaterials_compat/metal/uranium/rod can't be placed due to empty ingredients and will be ignored
[27set.2026 17:46:56.977] [Render thread/WARN] [net.minecraft.world.item.crafting.RecipeManager/]: Recipe hephaestus:smeltery/melting/gem/amethyst/block can't be placed due to empty ingredients and will be ignored
[27set.2026 17:46:56.977] [Render thread/WARN] [net.minecraft.world.item.crafting.RecipeManager/]: Recipe hephaestus:smeltery/melting/gem/amethyst/gem can't be placed due to empty ingredients and will be ignored
[27set.2026 17:46:56.977] [Render thread/WARN] [net.minecraft.world.item.crafting.RecipeManager/]: Recipe hephaestus:smeltery/melting/gem/diamond/block can't be placed due to empty ingredients and will be ignored
[27set.2026 17:46:56.977] [Render thread/WARN] [net.minecraft.world.item.crafting.RecipeManager/]: Recipe hephaestus:smeltery/melting/gem/diamond/gem can't be placed due to empty ingredients and will be ignored
[27set.2026 17:46:56.977] [Render thread/WARN] [net.minecraft.world.item.crafting.RecipeManager/]: Recipe hephaestus:smeltery/melting/gem/emerald/block can't be placed due to empty ingredients and will be ignored
[27set.2026 17:46:56.977] [Render thread/WARN] [net.minecraft.world.item.crafting.RecipeManager/]: Recipe hephaestus:smeltery/melting/gem/emerald/gem can't be placed due to empty ingredients and will be ignored
[27set.2026 17:46:56.977] [Render thread/WARN] [net.minecraft.world.item.crafting.RecipeManager/]: Recipe hephaestus:smeltery/melting/gem/quartz/block can't be placed due to empty ingredients and will be ignored
[27set.2026 17:46:56.977] [Render thread/WARN] [net.minecraft.world.item.crafting.RecipeManager/]: Recipe hephaestus:smeltery/melting/gem/quartz/gem can't be placed due to empty ingredients and will be ignored
[27set.2026 17:46:56.977] [Render thread/WARN] [net.minecraft.world.item.crafting.RecipeManager/]: Recipe hephaestus:smeltery/melting/metal/cobalt/block can't be placed due to empty ingredients and will be ignored
[27set.2026 17:46:56.977] [Render thread/WARN] [net.minecraft.world.item.crafting.RecipeManager/]: Recipe hephaestus:smeltery/melting/metal/cobalt/dust can't be placed due to empty ingredients and will be ignored
[27set.2026 17:46:56.977] [Render thread/WARN] [net.minecraft.world.item.crafting.RecipeManager/]: Recipe hephaestus:smeltery/melting/metal/cobalt/ingot can't be placed due to empty ingredients and will be ignored
[27set.2026 17:46:56.977] [Render thread/WARN] [net.minecraft.world.item.crafting.RecipeManager/]: Recipe hephaestus:smeltery/melting/metal/cobalt/nugget can't be placed due to empty ingredients and will be ignored
[27set.2026 17:46:56.977] [Render thread/WARN] [net.minecraft.world.item.crafting.RecipeManager/]: Recipe hephaestus:smeltery/melting/metal/cobalt/raw can't be placed due to empty ingredients and will be ignored
[27set.2026 17:46:56.977] [Render thread/WARN] [net.minecraft.world.item.crafting.RecipeManager/]: Recipe hephaestus:smeltery/melting/metal/cobalt/raw_block can't be placed due to empty ingredients and will be ignored
[27set.2026 17:46:56.977] [Render thread/WARN] [net.minecraft.world.item.crafting.RecipeManager/]: Recipe hephaestus:smeltery/melting/metal/copper/block can't be placed due to empty ingredients and will be ignored
[27set.2026 17:46:56.977] [Render thread/WARN] [net.minecraft.world.item.crafting.RecipeManager/]: Recipe hephaestus:smeltery/melting/metal/copper/ingot can't be placed due to empty ingredients and will be ignored
[27set.2026 17:46:56.977] [Render thread/WARN] [net.minecraft.world.item.crafting.RecipeManager/]: Recipe hephaestus:smeltery/melting/metal/copper/raw can't be placed due to empty ingredients and will be ignored
[27set.2026 17:46:56.977] [Render thread/WARN] [net.minecraft.world.item.crafting.RecipeManager/]: Recipe hephaestus:smeltery/melting/metal/copper/raw_block can't be placed due to empty ingredients and will be ignored
[27set.2026 17:46:56.977] [Render thread/WARN] [net.minecraft.world.item.crafting.RecipeManager/]: Recipe hephaestus:smeltery/melting/metal/gold/block can't be placed due to empty ingredients and will be ignored
[27set.2026 17:46:56.977] [Render thread/WARN] [net.minecraft.world.item.crafting.RecipeManager/]: Recipe hephaestus:smeltery/melting/metal/gold/ingot can't be placed due to empty ingredients and will be ignored
[27set.2026 17:46:56.977] [Render thread/WARN] [net.minecraft.world.item.crafting.RecipeManager/]: Recipe hephaestus:smeltery/melting/metal/gold/nugget can't be placed due to empty ingredients and will be ignored
[27set.2026 17:46:56.977] [Render thread/WARN] [net.minecraft.world.item.crafting.RecipeManager/]: Recipe hephaestus:smeltery/melting/metal/gold/raw can't be placed due to empty ingredients and will be ignored
[27set.2026 17:46:56.977] [Render thread/WARN] [net.minecraft.world.item.crafting.RecipeManager/]: Recipe hephaestus:smeltery/melting/metal/gold/raw_block can't be placed due to empty ingredients and will be ignored
[27set.2026 17:46:56.977] [Render thread/WARN] [net.minecraft.world.item.crafting.RecipeManager/]: Recipe hephaestus:smeltery/melting/metal/iron/block can't be placed due to empty ingredients and will be ignored
[27set.2026 17:46:56.977] [Render thread/WARN] [net.minecraft.world.item.crafting.RecipeManager/]: Recipe hephaestus:smeltery/melting/metal/iron/ingot can't be placed due to empty ingredients and will be ignored
[27set.2026 17:46:56.977] [Render thread/WARN] [net.minecraft.world.item.crafting.RecipeManager/]: Recipe hephaestus:smeltery/melting/metal/iron/nugget can't be placed due to empty ingredients and will be ignored
[27set.2026 17:46:56.977] [Render thread/WARN] [net.minecraft.world.item.crafting.RecipeManager/]: Recipe hephaestus:smeltery/melting/metal/iron/raw can't be placed due to empty ingredients and will be ignored
[27set.2026 17:46:56.977] [Render thread/WARN] [net.minecraft.world.item.crafting.RecipeManager/]: Recipe hephaestus:smeltery/melting/metal/iron/raw_block can't be placed due to empty ingredients and will be ignored
[27set.2026 17:46:56.977] [Render thread/WARN] [net.minecraft.world.item.crafting.RecipeManager/]: Recipe hephaestus:smeltery/melting/metal/netherite/block can't be placed due to empty ingredients and will be ignored
[27set.2026 17:46:56.977] [Render thread/WARN] [net.minecraft.world.item.crafting.RecipeManager/]: Recipe hephaestus:smeltery/melting/metal/netherite/ingot can't be placed due to empty ingredients and will be ignored
[27set.2026 17:46:56.977] [Render thread/WARN] [net.minecraft.world.item.crafting.RecipeManager/]: Recipe hephaestus:smeltery/melting/metal/steel/block can't be placed due to empty ingredients and will be ignored
[27set.2026 17:46:56.977] [Render thread/WARN] [net.minecraft.world.item.crafting.RecipeManager/]: Recipe hephaestus:smeltery/melting/metal/steel/dust can't be placed due to empty ingredients and will be ignored
[27set.2026 17:46:56.977] [Render thread/WARN] [net.minecraft.world.item.crafting.RecipeManager/]: Recipe hephaestus:smeltery/melting/metal/steel/ingot can't be placed due to empty ingredients and will be ignored
[27set.2026 17:46:56.977] [Render thread/WARN] [net.minecraft.world.item.crafting.RecipeManager/]: Recipe hephaestus:smeltery/melting/metal/steel/nugget can't be placed due to empty ingredients and will be ignored
[27set.2026 17:46:56.977] [Render thread/WARN] [net.minecraft.world.item.crafting.RecipeManager/]: Recipe hephaestus:smeltery/melting/metal/steel/raw can't be placed due to empty ingredients and will be ignored
[27set.2026 17:46:56.979] [Render thread/WARN] [net.minecraft.world.item.crafting.RecipeManager/]: Recipe hephaestus:smeltery/melting/misc/ancient_debris can't be placed due to empty ingredients and will be ignored
[27set.2026 17:46:56.979] [Render thread/WARN] [net.minecraft.world.item.crafting.RecipeManager/]: Recipe hephaestus:smeltery/melting/misc/ancient_debris_from_scrap can't be placed due to empty ingredients and will be ignored
[27set.2026 17:46:56.979] [Render thread/WARN] [net.minecraft.world.item.crafting.RecipeManager/]: Recipe hephaestus:smeltery/melting/misc/carbon_from_charcoal can't be placed due to empty ingredients and will be ignored
[27set.2026 17:46:56.979] [Render thread/WARN] [net.minecraft.world.item.crafting.RecipeManager/]: Recipe hephaestus:smeltery/melting/misc/carbon_from_coal can't be placed due to empty ingredients and will be ignored
[27set.2026 17:46:56.979] [Render thread/WARN] [net.minecraft.world.item.crafting.RecipeManager/]: Recipe hephaestus:smeltery/melting/misc/carbon_from_coal_block can't be placed due to empty ingredients and will be ignored
[27set.2026 17:46:56.979] [Render thread/WARN] [net.minecraft.world.item.crafting.RecipeManager/]: Recipe hephaestus:smeltery/melting/misc/ender_from_eye can't be placed due to empty ingredients and will be ignored
[27set.2026 17:46:56.979] [Render thread/WARN] [net.minecraft.world.item.crafting.RecipeManager/]: Recipe hephaestus:smeltery/melting/misc/ender_from_pearl can't be placed due to empty ingredients and will be ignored
[27set.2026 17:46:56.979] [Render thread/WARN] [net.minecraft.world.item.crafting.RecipeManager/]: Recipe hephaestus:smeltery/melting/misc/glass_from_block can't be placed due to empty ingredients and will be ignored
[27set.2026 17:46:56.979] [Render thread/WARN] [net.minecraft.world.item.crafting.RecipeManager/]: Recipe hephaestus:smeltery/melting/misc/glass_from_pane can't be placed due to empty ingredients and will be ignored
[27set.2026 17:46:56.979] [Render thread/WARN] [net.minecraft.world.item.crafting.RecipeManager/]: Recipe hephaestus:smeltery/melting/misc/glass_from_sand can't be placed due to empty ingredients and will be ignored
[27set.2026 17:46:56.979] [Render thread/WARN] [net.minecraft.world.item.crafting.RecipeManager/]: Recipe hephaestus:smeltery/melting/misc/glowstone_from_block can't be placed due to empty ingredients and will be ignored
[27set.2026 17:46:56.979] [Render thread/WARN] [net.minecraft.world.item.crafting.RecipeManager/]: Recipe hephaestus:smeltery/melting/misc/glowstone_from_dust can't be placed due to empty ingredients and will be ignored
[27set.2026 17:46:56.979] [Render thread/WARN] [net.minecraft.world.item.crafting.RecipeManager/]: Recipe hephaestus:smeltery/melting/misc/lapis_from_block can't be placed due to empty ingredients and will be ignored
[27set.2026 17:46:56.979] [Render thread/WARN] [net.minecraft.world.item.crafting.RecipeManager/]: Recipe hephaestus:smeltery/melting/misc/lapis_from_gem can't be placed due to empty ingredients and will be ignored
[27set.2026 17:46:56.979] [Render thread/WARN] [net.minecraft.world.item.crafting.RecipeManager/]: Recipe hephaestus:smeltery/melting/misc/magma_block can't be placed due to empty ingredients and will be ignored
[27set.2026 17:46:56.979] [Render thread/WARN] [net.minecraft.world.item.crafting.RecipeManager/]: Recipe hephaestus:smeltery/melting/misc/magma_cream can't be placed due to empty ingredients and will be ignored
[27set.2026 17:46:56.979] [Render thread/WARN] [net.minecraft.world.item.crafting.RecipeManager/]: Recipe hephaestus:smeltery/melting/misc/meat_from_beef can't be placed due to empty ingredients and will be ignored
[27set.2026 17:46:56.979] [Render thread/WARN] [net.minecraft.world.item.crafting.RecipeManager/]: Recipe hephaestus:smeltery/melting/misc/meat_from_chicken can't be placed due to empty ingredients and will be ignored
[27set.2026 17:46:56.979] [Render thread/WARN] [net.minecraft.world.item.crafting.RecipeManager/]: Recipe hephaestus:smeltery/melting/misc/meat_from_mutton can't be placed due to empty ingredients and will be ignored
[27set.2026 17:46:56.979] [Render thread/WARN] [net.minecraft.world.item.crafting.RecipeManager/]: Recipe hephaestus:smeltery/melting/misc/meat_from_porkchop can't be placed due to empty ingredients and will be ignored
[27set.2026 17:46:56.979] [Render thread/WARN] [net.minecraft.world.item.crafting.RecipeManager/]: Recipe hephaestus:smeltery/melting/misc/meat_from_rabbit can't be placed due to empty ingredients and will be ignored
[27set.2026 17:46:56.979] [Render thread/WARN] [net.minecraft.world.item.crafting.RecipeManager/]: Recipe hephaestus:smeltery/melting/misc/meat_from_rotten_flesh can't be placed due to empty ingredients and will be ignored
[27set.2026 17:46:56.979] [Render thread/WARN] [net.minecraft.world.item.crafting.RecipeManager/]: Recipe hephaestus:smeltery/melting/misc/molten_blaze can't be placed due to empty ingredients and will be ignored
[27set.2026 17:46:56.979] [Render thread/WARN] [net.minecraft.world.item.crafting.RecipeManager/]: Recipe hephaestus:smeltery/melting/misc/netherite_from_ingot can't be placed due to empty ingredients and will be ignored
[27set.2026 17:46:56.979] [Render thread/WARN] [net.minecraft.world.item.crafting.RecipeManager/]: Recipe hephaestus:smeltery/melting/misc/obsidian can't be placed due to empty ingredients and will be ignored
[27set.2026 17:46:56.979] [Render thread/WARN] [net.minecraft.world.item.crafting.RecipeManager/]: Recipe hephaestus:smeltery/melting/misc/redstone_from_block can't be placed due to empty ingredients and will be ignored
[27set.2026 17:46:56.979] [Render thread/WARN] [net.minecraft.world.item.crafting.RecipeManager/]: Recipe hephaestus:smeltery/melting/misc/redstone_from_dust can't be placed due to empty ingredients and will be ignored
[27set.2026 17:46:56.979] [Render thread/WARN] [net.minecraft.world.item.crafting.RecipeManager/]: Recipe hephaestus:smeltery/melting/misc/shulker_shell can't be placed due to empty ingredients and will be ignored
[27set.2026 17:46:56.979] [Render thread/WARN] [net.minecraft.world.item.crafting.RecipeManager/]: Recipe hephaestus:smeltery/melting/misc/slime_from_ball can't be placed due to empty ingredients and will be ignored
[27set.2026 17:46:56.979] [Render thread/WARN] [net.minecraft.world.item.crafting.RecipeManager/]: Recipe hephaestus:smeltery/melting/misc/slime_from_block can't be placed due to empty ingredients and will be ignored
[27set.2026 17:46:56.979] [Render thread/WARN] [net.minecraft.world.item.crafting.RecipeManager/]: Recipe hephaestus:smeltery/melting/misc/wax_from_block can't be placed due to empty ingredients and will be ignored
[27set.2026 17:46:56.979] [Render thread/WARN] [net.minecraft.world.item.crafting.RecipeManager/]: Recipe hephaestus:smeltery/melting/misc/wax_from_honeycomb can't be placed due to empty ingredients and will be ignored
[27set.2026 17:46:56.979] [Render thread/WARN] [net.minecraft.world.item.crafting.RecipeManager/]: Recipe hephaestus:smeltery/melting/tools/diamond_axe can't be placed due to empty ingredients and will be ignored
[27set.2026 17:46:56.979] [Render thread/WARN] [net.minecraft.world.item.crafting.RecipeManager/]: Recipe hephaestus:smeltery/melting/tools/diamond_hoe can't be placed due to empty ingredients and will be ignored
[27set.2026 17:46:56.980] [Render thread/WARN] [net.minecraft.world.item.crafting.RecipeManager/]: Recipe hephaestus:smeltery/melting/tools/diamond_pickaxe can't be placed due to empty ingredients and will be ignored
[27set.2026 17:46:56.980] [Render thread/WARN] [net.minecraft.world.item.crafting.RecipeManager/]: Recipe hephaestus:smeltery/melting/tools/diamond_shovel can't be placed due to empty ingredients and will be ignored
[27set.2026 17:46:56.980] [Render thread/WARN] [net.minecraft.world.item.crafting.RecipeManager/]: Recipe hephaestus:smeltery/melting/tools/diamond_sword can't be placed due to empty ingredients and will be ignored
[27set.2026 17:46:56.980] [Render thread/WARN] [net.minecraft.world.item.crafting.RecipeManager/]: Recipe hephaestus:smeltery/melting/tools/golden_axe can't be placed due to empty ingredients and will be ignored
[27set.2026 17:46:56.980] [Render thread/WARN] [net.minecraft.world.item.crafting.RecipeManager/]: Recipe hephaestus:smeltery/melting/tools/golden_hoe can't be placed due to empty ingredients and will be ignored
[27set.2026 17:46:56.980] [Render thread/WARN] [net.minecraft.world.item.crafting.RecipeManager/]: Recipe hephaestus:smeltery/melting/tools/golden_pickaxe can't be placed due to empty ingredients and will be ignored
[27set.2026 17:46:56.980] [Render thread/WARN] [net.minecraft.world.item.crafting.RecipeManager/]: Recipe hephaestus:smeltery/melting/tools/golden_shovel can't be placed due to empty ingredients and will be ignored
[27set.2026 17:46:56.980] [Render thread/WARN] [net.minecraft.world.item.crafting.RecipeManager/]: Recipe hephaestus:smeltery/melting/tools/golden_sword can't be placed due to empty ingredients and will be ignored
[27set.2026 17:46:56.980] [Render thread/WARN] [net.minecraft.world.item.crafting.RecipeManager/]: Recipe hephaestus:smeltery/melting/tools/iron_axe can't be placed due to empty ingredients and will be ignored
[27set.2026 17:46:56.980] [Render thread/WARN] [net.minecraft.world.item.crafting.RecipeManager/]: Recipe hephaestus:smeltery/melting/tools/iron_hoe can't be placed due to empty ingredients and will be ignored
[27set.2026 17:46:56.980] [Render thread/WARN] [net.minecraft.world.item.crafting.RecipeManager/]: Recipe hephaestus:smeltery/melting/tools/iron_pickaxe can't be placed due to empty ingredients and will be ignored
[27set.2026 17:46:56.980] [Render thread/WARN] [net.minecraft.world.item.crafting.RecipeManager/]: Recipe hephaestus:smeltery/melting/tools/iron_shovel can't be placed due to empty ingredients and will be ignored
[27set.2026 17:46:56.980] [Render thread/WARN] [net.minecraft.world.item.crafting.RecipeManager/]: Recipe hephaestus:smeltery/melting/tools/iron_sword can't be placed due to empty ingredients and will be ignored
[27set.2026 17:46:56.980] [Render thread/WARN] [net.minecraft.world.item.crafting.RecipeManager/]: Recipe hephaestus:smeltery/melting/tools/netherite_axe can't be placed due to empty ingredients and will be ignored
[27set.2026 17:46:56.980] [Render thread/WARN] [net.minecraft.world.item.crafting.RecipeManager/]: Recipe hephaestus:smeltery/melting/tools/netherite_hoe can't be placed due to empty ingredients and will be ignored
[27set.2026 17:46:56.980] [Render thread/WARN] [net.minecraft.world.item.crafting.RecipeManager/]: Recipe hephaestus:smeltery/melting/tools/netherite_pickaxe can't be placed due to empty ingredients and will be ignored
[27set.2026 17:46:56.980] [Render thread/WARN] [net.minecraft.world.item.crafting.RecipeManager/]: Recipe hephaestus:smeltery/melting/tools/netherite_shovel can't be placed due to empty ingredients and will be ignored
[27set.2026 17:46:56.980] [Render thread/WARN] [net.minecraft.world.item.crafting.RecipeManager/]: Recipe hephaestus:smeltery/melting/tools/netherite_sword can't be placed due to empty ingredients and will be ignored
[27set.2026 17:46:57.021] [Server thread/INFO] [net.minecraft.client.server.IntegratedServer/]: Starting integrated minecraft server version 26.1.2
[27set.2026 17:46:57.021] [Server thread/INFO] [net.minecraft.server.MinecraftServer/]: Generating keypair
[27set.2026 17:46:57.396] [Server thread/INFO] [net.minecraft.server.level.progress.LoggingLevelLoadListener/]: Loading 0 persistent chunks...
[27set.2026 17:46:57.407] [Server thread/INFO] [net.minecraft.server.MinecraftServer/]: Saving chunks for level 'ServerLevel[New World]'/minecraft:overworld
[27set.2026 17:46:57.516] [Server thread/INFO] [net.minecraft.server.MinecraftServer/]: Saving chunks for level 'ServerLevel[New World]'/minecraft:the_nether
[27set.2026 17:46:57.585] [Server thread/INFO] [net.minecraft.server.MinecraftServer/]: Saving chunks for level 'ServerLevel[New World]'/minecraft:the_end
[27set.2026 17:46:57.600] [Server thread/INFO] [net.minecraft.server.MinecraftServer/]: ThreadedAnvilChunkStorage (world): All chunks are saved
[27set.2026 17:46:57.600] [Server thread/INFO] [net.minecraft.server.MinecraftServer/]: ThreadedAnvilChunkStorage (DIM-1): All chunks are saved
[27set.2026 17:46:57.600] [Server thread/INFO] [net.minecraft.server.MinecraftServer/]: ThreadedAnvilChunkStorage (DIM1): All chunks are saved
[27set.2026 17:46:57.600] [Server thread/INFO] [net.minecraft.server.MinecraftServer/]: ThreadedAnvilChunkStorage: All dimensions are saved
[27set.2026 17:46:57.603] [Server thread/INFO] [net.neoforged.neoforge.server.permission.PermissionAPI/]: Successfully initialized permission handler neoforge:default_handler
[27set.2026 17:46:58.140] [Server thread/INFO] [net.minecraft.server.level.progress.LoggingLevelLoadListener/]: Loading 49 chunks for player spawn...
[27set.2026 17:46:58.140] [Server thread/INFO] [net.minecraft.server.level.progress.LoggingLevelLoadListener/]: Preparing spawn area: 16%
[27set.2026 17:46:58.165] [Server thread/INFO] [net.minecraft.server.level.progress.LoggingLevelLoadListener/]: Preparing spawn area: 16%
[27set.2026 17:46:58.320] [Server thread/INFO] [net.minecraft.server.level.progress.LoggingLevelLoadListener/]: Time elapsed: 924 ms
[27set.2026 17:46:58.613] [Server thread/INFO] [net.minecraft.server.players.PlayerList/]: Dev[local:E:ad72dc2b] logged in with entity id 67 at (-7.256852648944613, 72.0, 10.824356734430957)
[27set.2026 17:46:58.666] [Server thread/INFO] [net.minecraft.server.MinecraftServer/]: Dev joined the game
[27set.2026 17:46:58.793] [Render thread/INFO] [com.titammods.hephaestus_tools.materials.MaterialManager/]: [HephaestusTools] Materiais recebidos do servidor: 26
[27set.2026 17:46:58.814] [Render thread/WARN] [net.minecraft.client.multiplayer.ClientPacketListener/]: Ignoring chat session from Dev due to missing Services public key
[27set.2026 17:46:58.820] [Render thread/INFO] [net.minecraft.client.gui.components.ChatComponent/]: [System] [CHAT] Hello from FTB Library!
[27set.2026 17:46:58.822] [Server thread/INFO] [net.minecraft.client.server.IntegratedServer/]: Changing view distance to 16, from 10
[27set.2026 17:46:58.825] [Server thread/INFO] [net.minecraft.client.server.IntegratedServer/]: Changing simulation distance to 12, from 0
[27set.2026 17:46:58.825] [Render thread/INFO] [FTB Library/]: config has been updated! server = false - clear any cached data etc. here
[27set.2026 17:46:58.825] [Render thread/INFO] [FTB Library/]: received server config settings for config: ftblibrary-server
[27set.2026 17:46:58.827] [Render thread/INFO] [net.minecraft.advancements.AdvancementTree/]: Loaded 23 advancements
[27set.2026 17:46:58.888] [Render thread/INFO] [net.minecraft.client.renderer.DynamicUniformStorage/]: Resizing Dynamic Transforms UBO, capacity limit of 2 reached during a single frame. New capacity will be 4.
[27set.2026 17:46:58.947] [Render thread/INFO] [net.minecraft.client.renderer.DynamicUniformStorage/]: Resizing Dynamic Transforms UBO, capacity limit of 4 reached during a single frame. New capacity will be 8.
[27set.2026 17:46:59.118] [Render thread/INFO] [net.minecraft.client.renderer.DynamicUniformStorage/]: Resizing Chunk Sections UBO, capacity limit of 2 reached during a single frame. New capacity will be 4.
[27set.2026 17:46:59.150] [Render thread/INFO] [net.minecraft.client.renderer.DynamicUniformStorage/]: Resizing Chunk Sections UBO, capacity limit of 4 reached during a single frame. New capacity will be 8.
[27set.2026 17:46:59.266] [Render thread/INFO] [net.minecraft.client.renderer.DynamicUniformStorage/]: Resizing Chunk Sections UBO, capacity limit of 8 reached during a single frame. New capacity will be 16.
[27set.2026 17:46:59.382] [Render thread/INFO] [net.minecraft.client.renderer.DynamicUniformStorage/]: Resizing Chunk Sections UBO, capacity limit of 16 reached during a single frame. New capacity will be 32.
[27set.2026 17:46:59.533] [Render thread/INFO] [net.minecraft.client.renderer.DynamicUniformStorage/]: Resizing Chunk Sections UBO, capacity limit of 32 reached during a single frame. New capacity will be 64.
[27set.2026 17:46:59.693] [Render thread/INFO] [net.minecraft.client.renderer.DynamicUniformStorage/]: Resizing Chunk Sections UBO, capacity limit of 64 reached during a single frame. New capacity will be 128.
[27set.2026 17:47:00.063] [Render thread/INFO] [net.minecraft.client.renderer.DynamicUniformStorage/]: Resizing Chunk Sections UBO, capacity limit of 128 reached during a single frame. New capacity will be 256.
[27set.2026 17:47:00.575] [Render thread/INFO] [net.minecraft.client.renderer.DynamicUniformStorage/]: Resizing Chunk Sections UBO, capacity limit of 256 reached during a single frame. New capacity will be 512.
[27set.2026 17:47:02.910] [Render thread/INFO] [net.minecraft.client.renderer.DynamicUniformStorage/]: Resizing Dynamic Transforms UBO, capacity limit of 8 reached during a single frame. New capacity will be 16.
[27set.2026 17:47:16.586] [Render thread/INFO] [net.minecraft.client.renderer.DynamicUniformStorage/]: Resizing Chunk Sections UBO, capacity limit of 512 reached during a single frame. New capacity will be 1024.
[27set.2026 17:47:18.465] [Server thread/INFO] [net.minecraft.client.server.IntegratedServer/]: Saving and pausing game...
[27set.2026 17:47:18.479] [Server thread/INFO] [net.minecraft.server.MinecraftServer/]: Saving chunks for level 'ServerLevel[New World]'/minecraft:overworld
[27set.2026 17:47:18.536] [Server thread/INFO] [net.minecraft.server.MinecraftServer/]: Saving chunks for level 'ServerLevel[New World]'/minecraft:the_nether
[27set.2026 17:47:18.536] [Server thread/INFO] [net.minecraft.server.MinecraftServer/]: Saving chunks for level 'ServerLevel[New World]'/minecraft:the_end
[27set.2026 17:47:19.465] [Server thread/INFO] [net.minecraft.server.MinecraftServer/]: Stopping server
[27set.2026 17:47:19.465] [Server thread/INFO] [net.minecraft.server.MinecraftServer/]: Saving players
[27set.2026 17:47:19.474] [Server thread/INFO] [net.minecraft.server.network.ServerGamePacketListenerImpl/]: Dev lost connection: Disconnected
[27set.2026 17:47:19.474] [Server thread/INFO] [net.minecraft.server.MinecraftServer/]: Dev left the game
[27set.2026 17:47:19.482] [Server thread/INFO] [net.minecraft.server.network.ServerCommonPacketListenerImpl/]: Stopping singleplayer server as player logged out
[27set.2026 17:47:19.482] [Server thread/INFO] [net.minecraft.server.MinecraftServer/]: Saving worlds
[27set.2026 17:47:19.671] [Server thread/INFO] [net.minecraft.server.MinecraftServer/]: Saving chunks for level 'ServerLevel[New World]'/minecraft:overworld
[27set.2026 17:47:20.159] [Server thread/INFO] [net.minecraft.server.MinecraftServer/]: Saving chunks for level 'ServerLevel[New World]'/minecraft:the_nether
[27set.2026 17:47:20.163] [Server thread/INFO] [net.minecraft.server.MinecraftServer/]: Saving chunks for level 'ServerLevel[New World]'/minecraft:the_end
[27set.2026 17:47:20.171] [Server thread/INFO] [net.minecraft.server.MinecraftServer/]: ThreadedAnvilChunkStorage (world): All chunks are saved
[27set.2026 17:47:20.171] [Server thread/INFO] [net.minecraft.server.MinecraftServer/]: ThreadedAnvilChunkStorage (DIM-1): All chunks are saved
[27set.2026 17:47:20.171] [Server thread/INFO] [net.minecraft.server.MinecraftServer/]: ThreadedAnvilChunkStorage (DIM1): All chunks are saved
[27set.2026 17:47:20.171] [Server thread/INFO] [net.minecraft.server.MinecraftServer/]: ThreadedAnvilChunkStorage: All dimensions are saved
[27set.2026 17:47:20.788] [Render thread/INFO] [net.minecraft.client.Minecraft/]: Stopping!
